,title,id,language,ontologyId,resultType,access,distance,categories,references,address.label,address.countryCode,address.countryName,address.stateCode,address.state,address.county,address.city,address.district,address.subdistrict,address.street,address.postalCode,position.lat,position.lng,contacts,chains,address.houseNumber,address.building
0,Mohammed Iqbal,here:pds:place:356jx7ps-3976a6bde3b4081a359b3041d86eaf96,en-GB,here:cm:ontology:apartment_rental_flat_rental,place,"[{'lat': 17.36274, 'lng': 78.47886}]",547,"[{'id': '900-9300-0221', 'name': 'Residential Area/Building', 'primary': True}, {'id': '700-7200-0324', 'name': 'Apartment/Flat Rental'}]","[{'supplier': {'id': 'core'}, 'id': '1137579668'}]","Mohammed Iqbal, Kali Kaman Road, Chow Mohalla, Pathergatti, Hyderabad 500002, India",IND,India,TS,Telangana,Hyderabad,Hyderabad,Pathergatti,Chow Mohalla,Kali Kaman Road,500002,17.36254,78.47879,,,,
1,Ali Syed Arif Tower,here:pds:place:356tepfc-9b1dc9df5b5b4f6783af8eae5f498521,en-GB,here:cm:ontology:apartment_rental_flat_rental,place,"[{'lat': 17.36549, 'lng': 78.47684}]",615,"[{'id': '700-7400-0145', 'name': 'Real Estate Services', 'primary': True}, {'id': '700-7200-0324', 'name': 'Apartment/Flat Rental'}, {'id': '900-9300-0221', 'name': 'Residential Area/Building'}]",,"Ali Syed Arif Tower, Sharan Street, Mir Alam Mandi-Mir Chowk Area, Pathergatti, Hyderabad 500002, India",IND,India,TS,Telangana,Hyderabad,Hyderabad,Pathergatti,Mir Alam Mandi-Mir Chowk Area,Sharan Street,500002,17.3653,78.4771,,,,
2,Shiv Sharnkar Agarwal,here:pds:place:356jx7ps-499eba8dde0a05d8d3ae6dec8a0389d1,en-GB,here:cm:ontology:apartment_rental_flat_rental,place,"[{'lat': 17.36531, 'lng': 78.46817}]",823,"[{'id': '900-9300-0221', 'name': 'Residential Area/Building', 'primary': True}, {'id': '700-7200-0324', 'name': 'Apartment/Flat Rental'}]","[{'supplier': {'id': 'core'}, 'id': '1137579542'}]","Shiv Sharnkar Agarwal, Cross Road, Char Kaman-Shakkar Kotha, Ghansi Bazar, Hyderabad 500002, India",IND,India,TS,Telangana,Hyderabad,Hyderabad,Ghansi Bazar,Char Kaman-Shakkar Kotha,Cross Road,500002,17.36549,78.46825,,,,
3,Fatima Manzil,here:pds:place:356jx7ps-4d5dfd4858630580657682c2ab27b838,en-GB,here:cm:ontology:apartment_rental_flat_rental,place,"[{'lat': 17.36317, 'lng': 78.46395}]",1092,"[{'id': '900-9300-0221', 'name': 'Residential Area/Building', 'primary': True}, {'id': '700-7200-0324', 'name': 'Apartment/Flat Rental'}]","[{'supplier': {'id': 'core'}, 'id': '1136201976'}]","Fatima Manzil, Kabutar Khana, Hussani Alam, Hyderabad 500064, India",IND,India,TS,Telangana,Hyderabad,Hyderabad,Hussani Alam,Kabutar Khana,,500064,17.36316,78.46413,,,,
4,Amtul Salam Manzil,here:pds:place:356jx7ps-1746f0240f1d0554bcd2ba5bbd0fdcdc,en-GB,here:cm:ontology:apartment_rental_flat_rental,place,"[{'lat': 17.36384, 'lng': 78.4646}]",1111,"[{'id': '900-9300-0221', 'name': 'Residential Area/Building', 'primary': True}, {'id': '700-7200-0324', 'name': 'Apartment/Flat Rental'}]","[{'supplier': {'id': 'core'}, 'id': '1136201975'}]","Amtul Salam Manzil, Doodh Bowli Road, Kabutar Khana-Fatema Colony, Hussani Alam, Hyderabad 500064, India",IND,India,TS,Telangana,Hyderabad,Hyderabad,Hussani Alam,Kabutar Khana-Fatema Colony,Doodh Bowli Road,500064,17.36322,78.46396,,,,
5,Surjeet Nivas,here:pds:place:356jx7ps-03ac7597992b0f307ce660073a53e31e,en-GB,here:cm:ontology:apartment_rental_flat_rental,place,"[{'lat': 17.3672, 'lng': 78.4646}]",1233,"[{'id': '900-9300-0221', 'name': 'Residential Area/Building', 'primary': True}, {'id': '700-7200-0324', 'name': 'Apartment/Flat Rental'}]","[{'supplier': {'id': 'core'}, 'id': '1110685265'}]","Surjeet Nivas, Petal Burz, Ghansi Bazar, Hyderabad 500064, India",IND,India,TS,Telangana,Hyderabad,Hyderabad,Ghansi Bazar,Petal Burz,,500064,17.367,78.46458,,,,
6,Mirza Mazher Baig,here:pds:place:356jx7ps-a81d295465bf0bfaced649ad9e8b9816,en-GB,here:cm:ontology:apartment_rental_flat_rental,place,"[{'lat': 17.36456, 'lng': 78.46336}]",1276,"[{'id': '900-9300-0221', 'name': 'Residential Area/Building', 'primary': True}, {'id': '700-7200-0324', 'name': 'Apartment/Flat Rental'}]","[{'supplier': {'id': 'core'}, 'id': '1136202290'}]","Mirza Mazher Baig, Kabutar Khana-Fatema Colony, Hussani Alam, Hyderabad 500064, India",IND,India,TS,Telangana,Hyderabad,Hyderabad,Hussani Alam,Kabutar Khana-Fatema Colony,,500064,17.36362,78.46246,,,,
7,Ruby Residency,here:pds:place:356jx7ps-7825b477139601d255c9392e76769b85,en-GB,here:cm:ontology:apartment_rental_flat_rental,place,"[{'lat': 17.37054, 'lng': 78.48386}]",1512,"[{'id': '900-9300-0221', 'name': 'Residential Area/Building', 'primary': True}, {'id': '700-7200-0324', 'name': 'Apartment/Flat Rental'}]","[{'supplier': {'id': 'core'}, 'id': '1141589433'}]","Ruby Residency, Panjetan Colony, Malakpet, Hyderabad 500024, India",IND,India,TS,Telangana,Hyderabad,Hyderabad,Malakpet,Panjetan Colony,,500024,17.37059,78.48372,,,,
8,Shrurg Rushi Bahvan,here:pds:place:356tepfc-ececb13e6ccb48ba8239e856b56eaa6c,en-GB,here:cm:ontology:apartment_rental_flat_rental,place,"[{'lat': 17.37602, 'lng': 78.47071}]",1754,"[{'id': '800-8100-0169', 'name': 'Civic/Community Center', 'primary': True}, {'id': '700-7200-0324', 'name': 'Apartment/Flat Rental'}]","[{'supplier': {'id': 'core'}, 'id': '1100398786'}]","Shrurg Rushi Bahvan, Goshmahal Road, Feelkhana, Hyderabad 500012, India",IND,India,TS,Telangana,Hyderabad,Hyderabad,Feelkhana,,Goshmahal Road,500012,17.37604,78.47071,,,,
9,Mothi Ram Ashrai,here:pds:place:356jx7ps-9bce558636b404f9bab1dfe9ff409621,en-GB,here:cm:ontology:apartment_rental_flat_rental,place,"[{'lat': 17.37294, 'lng': 78.46251}]",1838,"[{'id': '900-9300-0221', 'name': 'Residential Area/Building', 'primary': True}, {'id': '700-7200-0324', 'name': 'Apartment/Flat Rental'}]","[{'supplier': {'id': 'core'}, 'id': '1100392682'}]","Mothi Ram Ashrai, Jinsi Howrah Road, Dhoolpet-Lower Dhoolpet, Puranapool, Hyderabad 500006, India",IND,India,TS,Telangana,Hyderabad,Hyderabad,Puranapool,Dhoolpet-Lower Dhoolpet,Jinsi Howrah Road,500006,17.37293,78.46254,,,,
10,Shivalal Simha Shula Bai Nikathan,here:pds:place:356jx7ps-f8b6f9cf8c76014c3d46af0d56e31bdf,en,here:cm:ontology:apartment_rental_flat_rental,place,"[{'lat': 17.37408, 'lng': 78.46264}]",1926,"[{'id': '900-9300-0221', 'name': 'Residential Area/Building', 'primary': True}, {'id': '700-7200-0324', 'name': 'Apartment/Flat Rental'}]","[{'supplier': {'id': 'core'}, 'id': '1136223561'}]","Shivalal Simha Shula Bai Nikathan, Jinsi Chowrai X Road, Chudi Bazar-Kundan das Estate, Begum Bazar, Hyderabad 500012, India",IND,India,TS,Telangana,Hyderabad,Hyderabad,Begum Bazar,Chudi Bazar-Kundan das Estate,Jinsi Chowrai X Road,500012,17.37407,78.46266,,,,
11,Chillampalli Rajaiah Enclave,here:pds:place:356jx7ps-11753eeea71001892029673be80d06b9,en-GB,here:cm:ontology:apartment_rental_flat_rental,place,"[{'lat': 17.37757, 'lng': 78.46971}]",1930,"[{'id': '900-9300-0221', 'name': 'Residential Area/Building', 'primary': True}, {'id': '700-7200-0324', 'name': 'Apartment/Flat Rental'}]","[{'supplier': {'id': 'core'}, 'id': '1136083730'}]","Chillampalli Rajaiah Enclave, Ghosha Mahal-Police Quarters Area, Nampally, Hyderabad 500012, India",IND,India,TS,Telangana,Hyderabad,Hyderabad,Nampally,Ghosha Mahal-Police Quarters Area,,500012,17.37744,78.46968,,,,
12,Shri Pathy Sing Bekam Sing Nikathan,here:pds:place:356jx7ps-8b72c685016f0951aa0486654ae5a031,en-GB,here:cm:ontology:apartment_rental_flat_rental,place,"[{'lat': 17.37444, 'lng': 78.46268}]",1951,"[{'id': '900-9300-0221', 'name': 'Residential Area/Building', 'primary': True}, {'id': '700-7200-0324', 'name': 'Apartment/Flat Rental'}]","[{'supplier': {'id': 'core'}, 'id': '1136223656'}]","Shri Pathy Sing Bekam Sing Nikathan, Jinsi Chowrai X Road, Chudi Bazar-Kundan das Estate, Begum Bazar, Hyderabad 500012, India",IND,India,TS,Telangana,Hyderabad,Hyderabad,Begum Bazar,Chudi Bazar-Kundan das Estate,Jinsi Chowrai X Road,500012,17.37445,78.46278,,,,
13,Anil Singh,here:pds:place:356jx7ps-84cee0764af90b386e2ef329a2a39ea2,en-GB,here:cm:ontology:apartment_rental_flat_rental,place,"[{'lat': 17.37455, 'lng': 78.4627}]",1971,"[{'id': '900-9300-0221', 'name': 'Residential Area/Building', 'primary': True}, {'id': '700-7200-0324', 'name': 'Apartment/Flat Rental'}]","[{'supplier': {'id': 'core'}, 'id': '1136203640'}]","Anil Singh, Jinsi Chowrai X Road, Dhoolpet-Emliabagh, Puranapool, Hyderabad 500006, India",IND,India,TS,Telangana,Hyderabad,Hyderabad,Puranapool,Dhoolpet-Emliabagh,Jinsi Chowrai X Road,500006,17.37458,78.46265,,,,
14,Keshori Kugi,here:pds:place:356jx7ps-d421004a705c04c73a72ed7c87c58eb5,en-GB,here:cm:ontology:apartment_rental_flat_rental,place,"[{'lat': 17.375, 'lng': 78.46279}]",1977,"[{'id': '900-9300-0221', 'name': 'Residential Area/Building', 'primary': True}, {'id': '700-7200-0324', 'name': 'Apartment/Flat Rental'}]","[{'supplier': {'id': 'core'}, 'id': '1136223632'}]","Keshori Kugi, Jinsi Chowrai Road, Chudi Bazar-Shah Inayat Gunj, Begum Bazar, Hyderabad 500012, India",IND,India,TS,Telangana,Hyderabad,Hyderabad,Begum Bazar,Chudi Bazar-Shah Inayat Gunj,Jinsi Chowrai Road,500012,17.37489,78.46299,,,,
15,Doma Krishna Nilayam,here:pds:place:356jx7ps-c4384eee71d1068d089143da221b9f45,en-GB,here:cm:ontology:apartment_rental_flat_rental,place,"[{'lat': 17.3758, 'lng': 78.46304}]",2052,"[{'id': '900-9300-0221', 'name': 'Residential Area/Building', 'primary': True}, {'id': '700-7200-0324', 'name': 'Apartment/Flat Rental'}]","[{'supplier': {'id': 'core'}, 'id': '1069990824'}]","Doma Krishna Nilayam, Jinsi Chowrai Road, Chudi Bazar-Shah Inayat Gunj, Begum Bazar, Hyderabad 500012, India",IND,India,TS,Telangana,Hyderabad,Hyderabad,Begum Bazar,Chudi Bazar-Shah Inayat Gunj,Jinsi Chowrai Road,500012,17.37579,78.46309,,,,
16,Shri Rama Chandra Nilayam,here:pds:place:356jx7ps-9131dbdb9e6b0a793a1b352951fb7d93,en-GB,here:cm:ontology:apartment_rental_flat_rental,place,"[{'lat': 17.37726, 'lng': 78.46423}]",2124,"[{'id': '900-9300-0221', 'name': 'Residential Area/Building', 'primary': True}, {'id': '700-7200-0324', 'name': 'Apartment/Flat Rental'}]","[{'supplier': {'id': 'core'}, 'id': '1110681940'}]","Shri Rama Chandra Nilayam, Baidarwadi Road, Chudi Bazar-Shah Inayat Gunj, Begum Bazar, Hyderabad 500012, India",IND,India,TS,Telangana,Hyderabad,Hyderabad,Begum Bazar,Chudi Bazar-Shah Inayat Gunj,Baidarwadi Road,500012,17.37723,78.46423,,,,
17,Sunaruna Bhaven,here:pds:place:356jx7ps-5a44711646fb0020e4c03ac33215c4c0,en-GB,here:cm:ontology:apartment_rental_flat_rental,place,"[{'lat': 17.37462, 'lng': 78.46016}]",2134,"[{'id': '900-9300-0221', 'name': 'Residential Area/Building', 'primary': True}, {'id': '700-7200-0324', 'name': 'Apartment/Flat Rental'}]","[{'supplier': {'id': 'core'}, 'id': '1136203704'}]","Sunaruna Bhaven, Jali Hanuman Road, Dhoolpet-Emliabagh, Puranapool, Hyderabad 500006, India",IND,India,TS,Telangana,Hyderabad,Hyderabad,Puranapool,Dhoolpet-Emliabagh,Jali Hanuman Road,500006,17.37459,78.4603,,,,
18,Gk Apartments,here:pds:place:356tepfc-e019cf970baf48b48222e933206b66a6,en-GB,here:cm:ontology:apartment_rental_flat_rental,place,"[{'lat': 17.3795, 'lng': 78.47756}]",2158,"[{'id': '700-7200-0324', 'name': 'Apartment/Flat Rental', 'primary': True}]",,"Gk Apartments, Kishan Gunj, Jambagh, Hyderabad 500012, India",IND,India,TS,Telangana,Hyderabad,Hyderabad,Jambagh,Kishan Gunj,,500012,17.3797,78.47758,,,,
19,Kasthuri Nilayam,here:pds:place:356jx7ps-f487b09948fe073b113e854448eb68fc,en-GB,here:cm:ontology:apartment_rental_flat_rental,place,"[{'lat': 17.38226, 'lng': 78.46838}]",2484,"[{'id': '900-9300-0221', 'name': 'Residential Area/Building', 'primary': True}, {'id': '700-7200-0324', 'name': 'Apartment/Flat Rental'}]","[{'supplier': {'id': 'core'}, 'id': '1136083615'}]","Kasthuri Nilayam, Chakanawadi Road, Ghosha Mahal-Hawamahal Clny-Sri NGR, Nampally, Hyderabad 500012, India",IND,India,TS,Telangana,Hyderabad,Hyderabad,Nampally,Ghosha Mahal-Hawamahal Clny-Sri NGR,Chakanawadi Road,500012,17.38227,78.46841,,,,
20,The Residence,here:pds:place:356jx7ps-546c5cd83e94001634b9f0851c5a5edc,en-GB,here:cm:ontology:apartment_rental_flat_rental,place,"[{'lat': 17.38375, 'lng': 78.47491}]",2571,"[{'id': '700-7200-0324', 'name': 'Apartment/Flat Rental', 'primary': True}]","[{'supplier': {'id': 'core'}, 'id': '1136097654'}]","The Residence, Mukram Jahi Road, Ghosha Mahal, Nampally, Hyderabad 500012, India",IND,India,TS,Telangana,Hyderabad,Hyderabad,Nampally,Ghosha Mahal,Mukram Jahi Road,500012,17.3837,78.47466,,,,
21,City Life Apartments,here:pds:place:356tepfc-91ad2c730759ca4ac5734692f33c9c34,en-GB,here:cm:ontology:apartment_rental_flat_rental,place,"[{'lat': 17.38331, 'lng': 78.46382}]",2745,"[{'id': '700-7200-0324', 'name': 'Apartment/Flat Rental', 'primary': True}]",,"City Life Apartments, Aghapura Road, Aghapura-Darus Salam, Nampally, Hyderabad 500001, India",IND,India,TS,Telangana,Hyderabad,Hyderabad,Nampally,Aghapura-Darus Salam,Aghapura Road,500001,17.38331,78.46394,,,,
22,Safa Building,here:pds:place:356jx7ps-78f20822803004cc68b9b657d62c405d,en-GB,here:cm:ontology:apartment_rental_flat_rental,place,"[{'lat': 17.38505, 'lng': 78.46433}]",2904,"[{'id': '900-9300-0221', 'name': 'Residential Area/Building', 'primary': True}, {'id': '700-7200-0324', 'name': 'Apartment/Flat Rental'}]","[{'supplier': {'id': 'core'}, 'id': '1110684436'}]","Safa Building, Road No 11, Aghapura-Darus Salam, Nampally, Hyderabad 500001, India",IND,India,TS,Telangana,Hyderabad,Hyderabad,Nampally,Aghapura-Darus Salam,Road No 11,500001,17.38501,78.46435,,,,
23,Hasnain Manzil,here:pds:place:356jx7ps-9249f7fc345e04dcc49b590a1234682b,en-GB,here:cm:ontology:apartment_rental_flat_rental,place,"[{'lat': 17.38523, 'lng': 78.46384}]",2943,"[{'id': '900-9300-0221', 'name': 'Residential Area/Building', 'primary': True}, {'id': '700-7200-0324', 'name': 'Apartment/Flat Rental'}]","[{'supplier': {'id': 'core'}, 'id': '1110680101'}]","Hasnain Manzil, Aghapura Road, Aghapura-Darus Salam, Nampally, Hyderabad 500001, India",IND,India,TS,Telangana,Hyderabad,Hyderabad,Nampally,Aghapura-Darus Salam,Aghapura Road,500001,17.38522,78.4639,,,,
24,Sai Krupa Apartment,here:pds:place:356tepfc-d4995886d9de4782aaa5078cee6d05eb,en-GB,here:cm:ontology:apartment_rental_flat_rental,place,"[{'lat': 17.38686, 'lng': 78.46861}]",2987,"[{'id': '700-7200-0324', 'name': 'Apartment/Flat Rental', 'primary': True}]",,"Sai Krupa Apartment, Ghosha Mahal-Sri Balaji Enclave, Nampally, Hyderabad 500001, India",IND,India,TS,Telangana,Hyderabad,Hyderabad,Nampally,Ghosha Mahal-Sri Balaji Enclave,,500001,17.3869,78.4684,,,,
25,Sarafa Nivas,here:pds:place:356jx7ps-2c64e6fba30e0a6d7d3242151393c88e,en-GB,here:cm:ontology:apartment_rental_flat_rental,place,"[{'lat': 17.38576, 'lng': 78.46384}]",3001,"[{'id': '900-9300-0221', 'name': 'Residential Area/Building', 'primary': True}, {'id': '700-7200-0324', 'name': 'Apartment/Flat Rental'}]","[{'supplier': {'id': 'core'}, 'id': '1069954462'}]","Sarafa Nivas, Road No 12, Aghapura-Darus Salam, Nampally, Hyderabad 500001, India",IND,India,TS,Telangana,Hyderabad,Hyderabad,Nampally,Aghapura-Darus Salam,Road No 12,500001,17.38576,78.46385,,,,
26,Khan Cottage,here:pds:place:356jx7ps-7da766f4dab307208c45bb8d7ebe8a0e,en-GB,here:cm:ontology:apartment_rental_flat_rental,place,"[{'lat': 17.38705, 'lng': 78.46689}]",3025,"[{'id': '700-7200-0324', 'name': 'Apartment/Flat Rental', 'primary': True}, {'id': '700-7250-0136', 'name': 'Business Facility'}, {'id': '900-9300-0221', 'name': 'Residential Area/Building'}]","[{'supplier': {'id': 'core'}, 'id': '1136102291'}]","Khan Cottage, Aghapura X Road, Ghosha Mahal-Sri Balaji Enclave, Nampally, Hyderabad 500001, India",IND,India,TS,Telangana,Hyderabad,Hyderabad,Nampally,Ghosha Mahal-Sri Balaji Enclave,Aghapura X Road,500001,17.38697,78.46709,,,,
27,Kings Court,here:pds:place:356tepff-3707d52e4fd54bce990a83753bb3b6d5,en-GB,here:cm:ontology:apartment_rental_flat_rental,place,"[{'lat': 17.385, 'lng': 78.48667}]",3032,"[{'id': '700-7200-0324', 'name': 'Apartment/Flat Rental', 'primary': True}, {'id': '700-7250-0136', 'name': 'Business Facility'}]",,"Kings Court, Badi Chowdi-Gandhi Nagar-Goutam NGR, Kachiguda, Hyderabad 500095, India",IND,India,TS,Telangana,Hyderabad,Hyderabad,Kachiguda,Badi Chowdi-Gandhi Nagar-Goutam NGR,,500095,17.38505,78.48668,,,,
28,R. K. Villa,here:pds:place:356jx7ps-edc225a3f476079086e93782d0b8dac5,en-GB,here:cm:ontology:apartment_rental_flat_rental,place,"[{'lat': 17.38817, 'lng': 78.48254}]",3141,"[{'id': '900-9300-0221', 'name': 'Residential Area/Building', 'primary': True}, {'id': '700-7200-0324', 'name': 'Apartment/Flat Rental'}]","[{'supplier': {'id': 'core'}, 'id': '1136098604'}]","R. K. Villa, Kanda Swamy Lane, Sultan Bazar, King Koti, Hyderabad 500095, India",IND,India,TS,Telangana,Hyderabad,Hyderabad,King Koti,Sultan Bazar,Kanda Swamy Lane,500095,17.38762,78.48265,,,,
29,Nirman's Castle,here:pds:place:356jx7ps-ac05da9077d2089f4cd57940cb0767a7,en-GB,here:cm:ontology:apartment_rental_flat_rental,place,"[{'lat': 17.38689, 'lng': 78.46318}]",3144,"[{'id': '900-9300-0221', 'name': 'Residential Area/Building', 'primary': True}, {'id': '700-7200-0324', 'name': 'Apartment/Flat Rental'}]","[{'supplier': {'id': 'core'}, 'id': '1069954305'}]","Nirman's Castle, Masjid Sultan Nawaz Jung Road, Aghapura-Habeeb Nagar, Nampally, Hyderabad 500001, India",IND,India,TS,Telangana,Hyderabad,Hyderabad,Nampally,Aghapura-Habeeb Nagar,Masjid Sultan Nawaz Jung Road,500001,17.38688,78.46315,,,,
30,Mehar Plaza,here:pds:place:356jx7ps-83f4c292a5a003183f991c0603024f3c,en-GB,here:cm:ontology:apartment_rental_flat_rental,place,"[{'lat': 17.38722, 'lng': 78.46388}]",3151,"[{'id': '900-9300-0221', 'name': 'Residential Area/Building', 'primary': True}, {'id': '700-7200-0324', 'name': 'Apartment/Flat Rental'}]","[{'supplier': {'id': 'core'}, 'id': '1069954304'}]","Mehar Plaza, Aghapura Road, Aghapura-Bharat Nagar, Nampally, Hyderabad 500001, India",IND,India,TS,Telangana,Hyderabad,Hyderabad,Nampally,Aghapura-Bharat Nagar,Aghapura Road,500001,17.38722,78.4639,,,,
31,Raghuram Apartments,here:pds:place:356tepff-b6f46b454401469bb9e2107f970034a5,en-GB,here:cm:ontology:apartment_rental_flat_rental,place,"[{'lat': 17.37259, 'lng': 78.50116}]",3159,"[{'id': '700-7200-0324', 'name': 'Apartment/Flat Rental', 'primary': True}]","[{'supplier': {'id': 'core'}, 'id': '1069841005'}]","Raghuram Apartments, New Malakpet-Dayanad Nagar-Palton, Malakpet, Hyderabad 500036, India",IND,India,TS,Telangana,Hyderabad,Hyderabad,Malakpet,New Malakpet-Dayanad Nagar-Palton,,500036,17.3726,78.50104,,,,
32,Azeem Residency,here:pds:place:356jx7ps-8a994ee6369f07fa1b27583b17cd06f1,en-GB,here:cm:ontology:apartment_rental_flat_rental,place,"[{'lat': 17.38773, 'lng': 78.46338}]",3190,"[{'id': '900-9300-0221', 'name': 'Residential Area/Building', 'primary': True}, {'id': '700-7200-0324', 'name': 'Apartment/Flat Rental'}]","[{'supplier': {'id': 'core'}, 'id': '1110406925'}]","Azeem Residency, Aghapura, Nampally, Hyderabad 500001, India",IND,India,TS,Telangana,Hyderabad,Hyderabad,Nampally,Aghapura,,500001,17.38741,78.4634,,,,
33,Shri Krishna Apartments,here:pds:place:356jx7ps-3d303ade6a7206ab6cccc6d057acf81d,en-GB,here:cm:ontology:apartment_rental_flat_rental,place,"[{'lat': 17.38261, 'lng': 78.49344}]",3198,"[{'id': '700-7200-0324', 'name': 'Apartment/Flat Rental', 'primary': True}]","[{'supplier': {'id': 'core'}, 'id': '1100437973'}, {'supplier': {'id': 'core'}, 'id': '1192373758'}]","Shri Krishna Apartments, Kachiguda Station Road, Nimboliadda-Tirmala Arcade, Kachiguda, Hyderabad 500027, India",IND,India,TS,Telangana,Hyderabad,Hyderabad,Kachiguda,Nimboliadda-Tirmala Arcade,Kachiguda Station Road,500027,17.38261,78.49344,,,,
34,Golden Crown Apartments,here:pds:place:356tepfc-b96789abc5084552b444a061ca7a67f8,en-GB,here:cm:ontology:apartment_rental_flat_rental,place,"[{'lat': 17.3897, 'lng': 78.47421}]",3230,"[{'id': '700-7200-0324', 'name': 'Apartment/Flat Rental', 'primary': True}]","[{'supplier': {'id': 'core'}, 'id': '1023802770'}]","Golden Crown Apartments, Chiraj Ali Lane, Chirag Ali Lane Area, Abids, Hyderabad 500001, India",IND,India,TS,Telangana,Hyderabad,Hyderabad,Abids,Chirag Ali Lane Area,Chiraj Ali Lane,500001,17.38964,78.47442,,,,
35,Residencial Apartments,here:pds:place:356tepff-5f85e11efdff202233b5e9d19289ec0b,en-GB,here:cm:ontology:apartment_rental_flat_rental,place,"[{'lat': 17.36657, 'lng': 78.50394}]",3236,"[{'id': '700-7200-0324', 'name': 'Apartment/Flat Rental', 'primary': True}]",,"Residencial Apartments, New Malakpet-Akbarbagh, Malakpet, Hyderabad 500036, India",IND,India,TS,Telangana,Hyderabad,Hyderabad,Malakpet,New Malakpet-Akbarbagh,,500036,17.36648,78.50392,,,,
36,Lakshmi Apartments,here:pds:place:356tepff-2e574a6b637ba78763cad3cc91a08d05,en-GB,here:cm:ontology:apartment_rental_flat_rental,place,"[{'lat': 17.37768, 'lng': 78.49901}]",3254,"[{'id': '700-7200-0324', 'name': 'Apartment/Flat Rental', 'primary': True}]",,"Lakshmi Apartments, Old Malakpet-Sarojini Nagar, Malakpet, Hyderabad 500036, India",IND,India,TS,Telangana,Hyderabad,Hyderabad,Malakpet,Old Malakpet-Sarojini Nagar,,500036,17.37768,78.49895,,,,
37,Residential Apartments,here:pds:place:356tepff-8243c3e196b2834cb126007e482724cc,en-GB,here:cm:ontology:apartment_rental_flat_rental,place,"[{'lat': 17.37, 'lng': 78.50336}]",3286,"[{'id': '700-7200-0324', 'name': 'Apartment/Flat Rental', 'primary': True}]",,"Residential Apartments, New Malakpet-Dayanad Nagar, Malakpet, Hyderabad 500036, India",IND,India,TS,Telangana,Hyderabad,Hyderabad,Malakpet,New Malakpet-Dayanad Nagar,,500036,17.37,78.50341,,,,
38,Musheer residency,here:pds:place:356jx7ps-e60154e69ade0ce72890de06a1e8becf,en,here:cm:ontology:apartment_rental_flat_rental,place,"[{'lat': 17.3877, 'lng': 78.46156}]",3288,"[{'id': '900-9300-0221', 'name': 'Residential Area/Building', 'primary': True}, {'id': '700-7200-0324', 'name': 'Apartment/Flat Rental'}]","[{'supplier': {'id': 'core'}, 'id': '1069896053'}]","Musheer residency, Aghapura-Habeeb Nagar, Nampally, Hyderabad 500001, India",IND,India,TS,Telangana,Hyderabad,Hyderabad,Nampally,Aghapura-Habeeb Nagar,,500001,17.38771,78.46172,,,,
39,Taj Residency,here:pds:place:356jx7ps-bfcfe0b6dbb70830305b109bfd1136b4,en-GB,here:cm:ontology:apartment_rental_flat_rental,place,"[{'lat': 17.38858, 'lng': 78.4634}]",3311,"[{'id': '900-9300-0221', 'name': 'Residential Area/Building', 'primary': True}, {'id': '700-7200-0324', 'name': 'Apartment/Flat Rental'}]","[{'supplier': {'id': 'core'}, 'id': '1110407687'}]","Taj Residency, No 7 Street, Aghapura, Nampally, Hyderabad 500001, India",IND,India,TS,Telangana,Hyderabad,Hyderabad,Nampally,Aghapura,No 7 Street,500001,17.38858,78.46341,,,,
40,Raghunath Apartments,here:pds:place:356jx7ps-d8561a39d3e0004b1fa87b349937299b,en-GB,here:cm:ontology:apartment_rental_flat_rental,place,"[{'lat': 17.38906, 'lng': 78.4836}]",3324,"[{'id': '900-9300-0221', 'name': 'Residential Area/Building', 'primary': True}, {'id': '700-7200-0324', 'name': 'Apartment/Flat Rental'}]","[{'supplier': {'id': 'core'}, 'id': '1110412520'}]","Raghunath Apartments, Kanda Swami Lane, Sultan Bazar-Kapadia Market, King Koti, Hyderabad 500095, India",IND,India,TS,Telangana,Hyderabad,Hyderabad,King Koti,Sultan Bazar-Kapadia Market,Kanda Swami Lane,500095,17.38906,78.48362,,,,
41,Vijay Pushparagam Nivas,here:pds:place:356tepfc-09db7b86723445b387b0fc53bd326a5e,en,here:cm:ontology:apartment_rental_flat_rental,place,"[{'lat': 17.39003, 'lng': 78.48019}]",3340,"[{'id': '900-9300-0221', 'name': 'Residential Area/Building', 'primary': True}, {'id': '700-7200-0324', 'name': 'Apartment/Flat Rental'}]",,"Vijay Pushparagam Nivas, Bharatiya Vidya Bhavan Road, Hyderguda-Ramkote, King Koti, Hyderabad 500001, India",IND,India,TS,Telangana,Hyderabad,Hyderabad,King Koti,Hyderguda-Ramkote,Bharatiya Vidya Bhavan Road,500001,17.39003,78.4803,,,,
42,Yogeshwar Apartment,here:pds:place:356jx7ps-ef5d0632e74a0e7744dc7e33007c9df5,en-GB,here:cm:ontology:apartment_rental_flat_rental,place,"[{'lat': 17.38717, 'lng': 78.4894}]",3372,"[{'id': '900-9300-0221', 'name': 'Residential Area/Building', 'primary': True}, {'id': '700-7200-0324', 'name': 'Apartment/Flat Rental'}]","[{'supplier': {'id': 'core'}, 'id': '1136098019'}]","Yogeshwar Apartment, Badichowdi Lane, Kutbi Guda, Kachiguda, Hyderabad 500027, India",IND,India,TS,Telangana,Hyderabad,Hyderabad,Kachiguda,Kutbi Guda,Badichowdi Lane,500027,17.38716,78.48937,[{'mobile': [{'value': '+919985192939'}]}],,,
43,Acropolis Tulip Apartments,here:pds:place:356tepff-d0d9da6329e5433d9456daf672442e75,en,here:cm:ontology:apartment_rental_flat_rental,place,"[{'lat': 17.3876, 'lng': 78.48927}]",3400,"[{'id': '700-7200-0324', 'name': 'Apartment/Flat Rental', 'primary': True}]",,"Acropolis Tulip Apartments, Badichowdi Lane, Kutbi Guda, Kachiguda, Hyderabad 500027, India",IND,India,TS,Telangana,Hyderabad,Hyderabad,Kachiguda,Kutbi Guda,Badichowdi Lane,500027,17.38758,78.48911,,,,
44,Govt. of India Central Public Works Department Staff Quarters,here:pds:place:356jx7ps-b402cff7f0e7071cff618793df9ab391,en-GB,here:cm:ontology:apartment_rental_flat_rental,place,"[{'lat': 17.38815, 'lng': 78.48886}]",3445,"[{'id': '900-9300-0221', 'name': 'Residential Area/Building', 'primary': True}, {'id': '700-7200-0324', 'name': 'Apartment/Flat Rental'}]","[{'supplier': {'id': 'core'}, 'id': '1110412467'}]","Govt. of India Central Public Works Department Staff Quarters, Badi Chowdi, Kachiguda, Hyderabad 500027, India",IND,India,TS,Telangana,Hyderabad,Hyderabad,Kachiguda,Badi Chowdi,,500027,17.38815,78.48889,,,,
45,Shyan Complex,here:pds:place:356jx7ps-a69dd08e758206f95b4f7dee13b9094d,en-GB,here:cm:ontology:apartment_rental_flat_rental,place,"[{'lat': 17.38918, 'lng': 78.48703}]",3466,"[{'id': '900-9300-0221', 'name': 'Residential Area/Building', 'primary': True}, {'id': '700-7200-0324', 'name': 'Apartment/Flat Rental'}]","[{'supplier': {'id': 'core'}, 'id': '1110412499'}]","Shyan Complex, Hyderguda-Rajmohalla, King Koti, Hyderabad 500095, India",IND,India,TS,Telangana,Hyderabad,Hyderabad,King Koti,Hyderguda-Rajmohalla,,500095,17.38921,78.48701,,,,
46,Baig Apartments,here:pds:place:356jx7ps-c3a512a008a707fa542da1391c521850,en-GB,here:cm:ontology:apartment_rental_flat_rental,place,"[{'lat': 17.39212, 'lng': 78.47211}]",3513,"[{'id': '900-9300-0221', 'name': 'Residential Area/Building', 'primary': True}, {'id': '700-7200-0324', 'name': 'Apartment/Flat Rental'}]","[{'supplier': {'id': 'core'}, 'id': '1103331696'}]","Baig Apartments, Mahesh Nagar, Abids, Hyderabad 500001, India",IND,India,TS,Telangana,Hyderabad,Hyderabad,Abids,Mahesh Nagar,,500001,17.39213,78.47208,,,,
47,Shri Sai Balaji Nilayam,here:pds:place:356jx7ps-5b99f78a04a6000a868c6186600ad27d,en-GB,here:cm:ontology:apartment_rental_flat_rental,place,"[{'lat': 17.38861, 'lng': 78.48938}]",3516,"[{'id': '900-9300-0221', 'name': 'Residential Area/Building', 'primary': True}, {'id': '700-7200-0324', 'name': 'Apartment/Flat Rental'}]","[{'supplier': {'id': 'core'}, 'id': '1110411599'}]","Shri Sai Balaji Nilayam, Kutbi Guda, Kachiguda, Hyderabad 500027, India",IND,India,TS,Telangana,Hyderabad,Hyderabad,Kachiguda,Kutbi Guda,,500027,17.38855,78.48954,,"[{'id': '28281', 'name': 'A&O reality'}]",,
48,Varma Residency,here:pds:place:356jx7ps-3bfc8dbaf29b0cafbca7580c578e9fef,en-GB,here:cm:ontology:apartment_rental_flat_rental,place,"[{'lat': 17.39212, 'lng': 78.47105}]",3518,"[{'id': '900-9300-0221', 'name': 'Residential Area/Building', 'primary': True}, {'id': '700-7200-0324', 'name': 'Apartment/Flat Rental'}]","[{'supplier': {'id': 'core'}, 'id': '1137586656'}]","Varma Residency, Mahesh Nagar, Abids, Hyderabad 500001, India",IND,India,TS,Telangana,Hyderabad,Hyderabad,Abids,Mahesh Nagar,,500001,17.39211,78.47119,,,,
49,Vishnu Vihar Apartment,here:pds:place:356tepff-23770e29f164499a90ed4e0c1e841e00,en,here:cm:ontology:apartment_rental_flat_rental,place,"[{'lat': 17.38817, 'lng': 78.49015}]",3518,"[{'id': '900-9300-0221', 'name': 'Residential Area/Building', 'primary': True}, {'id': '700-7200-0324', 'name': 'Apartment/Flat Rental'}]",,"Vishnu Vihar Apartment, Reliance Digitals Lane, Kutbi Guda-Sai Nanditha Enclave, Kachiguda, Hyderabad 500027, India",IND,India,TS,Telangana,Hyderabad,Hyderabad,Kachiguda,Kutbi Guda-Sai Nanditha Enclave,Reliance Digitals Lane,500027,17.38817,78.49031,,,,
50,Shri Sarada Nilayam,here:pds:place:356jx7ps-ca00d2e0d41001d945f5c2ae0efc03d8,en-GB,here:cm:ontology:apartment_rental_flat_rental,place,"[{'lat': 17.38967, 'lng': 78.48722}]",3518,"[{'id': '900-9300-0221', 'name': 'Residential Area/Building', 'primary': True}, {'id': '700-7200-0324', 'name': 'Apartment/Flat Rental'}]","[{'supplier': {'id': 'core'}, 'id': '1137921172'}]","Shri Sarada Nilayam, 413 4th Street, Hyderguda-Rajmohalla, King Koti, Hyderabad 500095, India",IND,India,TS,Telangana,Hyderabad,Hyderabad,King Koti,Hyderguda-Rajmohalla,4th Street,500095,17.3896,78.4873,,,413,
51,Classic Elegant Apartment,here:pds:place:356jx7ps-b91d6f0940200c2c3d66753ca539a7bd,en-GB,here:cm:ontology:apartment_rental_flat_rental,place,"[{'lat': 17.38825, 'lng': 78.49015}]",3519,"[{'id': '900-9300-0221', 'name': 'Residential Area/Building', 'primary': True}, {'id': '700-7200-0324', 'name': 'Apartment/Flat Rental'}]","[{'supplier': {'id': 'core'}, 'id': '1110412152'}]","Classic Elegant Apartment, Reliance Digitals Lane, Kutbi Guda-Sai Nanditha Enclave, Kachiguda, Hyderabad 500027, India",IND,India,TS,Telangana,Hyderabad,Hyderabad,Kachiguda,Kutbi Guda-Sai Nanditha Enclave,Reliance Digitals Lane,500027,17.38825,78.49017,,,,
52,Shri Sam Enclave,here:pds:place:356jx7ps-b2de6dd2e22d059138a459612ecdb1a4,en-GB,here:cm:ontology:apartment_rental_flat_rental,place,"[{'lat': 17.38992, 'lng': 78.46155}]",3521,"[{'id': '900-9300-0221', 'name': 'Residential Area/Building', 'primary': True}, {'id': '700-7200-0324', 'name': 'Apartment/Flat Rental'}]","[{'supplier': {'id': 'core'}, 'id': '1069895845'}]","Shri Sam Enclave, Katta Maisamma Temple Road, Aghapura-Habeeb Nagar, Nampally, Hyderabad 500001, India",IND,India,TS,Telangana,Hyderabad,Hyderabad,Nampally,Aghapura-Habeeb Nagar,Katta Maisamma Temple Road,500001,17.38992,78.46156,,,,
53,Gayatri Nivas,here:pds:place:356jx7ps-0ccd551e8f200f1a984e5046609f42ac,en-GB,here:cm:ontology:apartment_rental_flat_rental,place,"[{'lat': 17.38822, 'lng': 78.49083}]",3529,"[{'id': '900-9300-0221', 'name': 'Residential Area/Building', 'primary': True}, {'id': '700-7200-0324', 'name': 'Apartment/Flat Rental'}]","[{'supplier': {'id': 'core'}, 'id': '1138798196'}]","Gayatri Nivas, Chappal Bazar Road Number 3, Kutbi Guda-Sai Nanditha Enclave, Kachiguda, Hyderabad 500027, India",IND,India,TS,Telangana,Hyderabad,Hyderabad,Kachiguda,Kutbi Guda-Sai Nanditha Enclave,Chappal Bazar Road Number 3,500027,17.38806,78.49072,,,,
54,Shri Nandlal Agarwal,here:pds:place:356jx7ps-91011bbb211f08d41402e458945f3ef1,en-GB,here:cm:ontology:apartment_rental_flat_rental,place,"[{'lat': 17.38992, 'lng': 78.48703}]",3541,"[{'id': '900-9300-0221', 'name': 'Residential Area/Building', 'primary': True}, {'id': '700-7200-0324', 'name': 'Apartment/Flat Rental'}]","[{'supplier': {'id': 'core'}, 'id': '1137920769'}]","Shri Nandlal Agarwal, Mahamkali Temple Lane, Hyderguda-Rajmohalla, King Koti, Hyderabad 500095, India",IND,India,TS,Telangana,Hyderabad,Hyderabad,King Koti,Hyderguda-Rajmohalla,Mahamkali Temple Lane,500095,17.38992,78.48705,,,,
55,Shri Venkata Sai Nilayam,here:pds:place:356tepfc-dcf472c96b5c427999a287acd2df09ee,en-GB,here:cm:ontology:apartment_rental_flat_rental,place,"[{'lat': 17.38787, 'lng': 78.45631}]",3567,"[{'id': '900-9300-0221', 'name': 'Residential Area/Building', 'primary': True}, {'id': '700-7200-0324', 'name': 'Apartment/Flat Rental'}]","[{'supplier': {'id': 'core'}, 'id': '1069895998'}]","Shri Venkata Sai Nilayam, Anwar Ul Uloom College Road, New Mallepally, Mallepally, Hyderabad 500001, India",IND,India,TS,Telangana,Hyderabad,Hyderabad,Mallepally,New Mallepally,Anwar Ul Uloom College Road,500001,17.38785,78.45634,,,,
56,K. N. R Samyuktha's Enclave,here:pds:place:356jx7ps-87ea26b9f5470f043ecabe1538b90bda,en-GB,here:cm:ontology:apartment_rental_flat_rental,place,"[{'lat': 17.38881, 'lng': 78.49015}]",3579,"[{'id': '900-9300-0221', 'name': 'Residential Area/Building', 'primary': True}, {'id': '700-7200-0324', 'name': 'Apartment/Flat Rental'}]","[{'supplier': {'id': 'core'}, 'id': '1110412086'}]","K. N. R Samyuktha's Enclave, Reliance Digitals Lane, Kutbi Guda-Sai Nanditha Enclave, Kachiguda, Hyderabad 500027, India",IND,India,TS,Telangana,Hyderabad,Hyderabad,Kachiguda,Kutbi Guda-Sai Nanditha Enclave,Reliance Digitals Lane,500027,17.3888,78.4903,,,,
57,Shri Somnath Kalyani,here:pds:place:356jx7ps-3208e05e4f0300176df54190ce36256d,en-GB,here:cm:ontology:apartment_rental_flat_rental,place,"[{'lat': 17.38854, 'lng': 78.49079}]",3593,"[{'id': '900-9300-0221', 'name': 'Residential Area/Building', 'primary': True}, {'id': '700-7200-0324', 'name': 'Apartment/Flat Rental'}]","[{'supplier': {'id': 'core'}, 'id': '1138798460'}]","Shri Somnath Kalyani, Kutbi Guda-Sai Nanditha Enclave, Kachiguda, Hyderabad 500027, India",IND,India,TS,Telangana,Hyderabad,Hyderabad,Kachiguda,Kutbi Guda-Sai Nanditha Enclave,,500027,17.38867,78.49082,,,,
58,Vansh Towers,here:pds:place:356jx7ps-b6d9632bd38a021fd4988084455222fb,en-GB,here:cm:ontology:apartment_rental_flat_rental,place,"[{'lat': 17.3929, 'lng': 78.47138}]",3615,"[{'id': '700-7200-0324', 'name': 'Apartment/Flat Rental', 'primary': True}]","[{'supplier': {'id': 'core'}, 'id': '1137585323'}]","Vansh Towers, Mahesh Nagar, Abids, Hyderabad 500001, India",IND,India,TS,Telangana,Hyderabad,Hyderabad,Abids,Mahesh Nagar,,500001,17.393,78.47139,,,,
59,Hari Nilayam,here:pds:place:356jx7ps-0262c3362768078a6acdbd0ff81a515d,en-GB,here:cm:ontology:apartment_rental_flat_rental,place,"[{'lat': 17.3869, 'lng': 78.4942}]",3619,"[{'id': '900-9300-0221', 'name': 'Residential Area/Building', 'primary': True}, {'id': '700-7200-0324', 'name': 'Apartment/Flat Rental'}]","[{'supplier': {'id': 'core'}, 'id': '1146234124'}]","Hari Nilayam, Mahalaxmi Nilayam-Chappal Bazar, Kachiguda, Hyderabad 500027, India",IND,India,TS,Telangana,Hyderabad,Hyderabad,Kachiguda,Mahalaxmi Nilayam-Chappal Bazar,,500027,17.38685,78.4942,,,,
60,S G Complex,here:pds:place:356jx7ps-2805dbf0d3f907227e85a9e89003bde7,en-GB,here:cm:ontology:apartment_rental_flat_rental,place,"[{'lat': 17.38975, 'lng': 78.48941}]",3625,"[{'id': '900-9300-0221', 'name': 'Residential Area/Building', 'primary': True}, {'id': '700-7200-0324', 'name': 'Apartment/Flat Rental'}, {'id': '700-7250-0136', 'name': 'Business Facility'}]","[{'supplier': {'id': 'core'}, 'id': '1110411700'}]","S G Complex, Badi Chowdi, Kachiguda, Hyderabad 500027, India",IND,India,TS,Telangana,Hyderabad,Hyderabad,Kachiguda,Badi Chowdi,,500027,17.38972,78.48939,,,,
61,Sree Sai Datta Nivas,here:pds:place:356jx7ps-dde5c9234a690982cedf228df4a05a9a,en-GB,here:cm:ontology:apartment_rental_flat_rental,place,"[{'lat': 17.38456, 'lng': 78.45074}]",3648,"[{'id': '900-9300-0221', 'name': 'Residential Area/Building', 'primary': True}, {'id': '700-7200-0324', 'name': 'Apartment/Flat Rental'}]","[{'supplier': {'id': 'core'}, 'id': '1135253911'}]","Sree Sai Datta Nivas, Natraj Nagar-Dattatreya Colony, Asif Nagar, Hyderabad 500028, India",IND,India,TS,Telangana,Hyderabad,Hyderabad,Asif Nagar,Natraj Nagar-Dattatreya Colony,,500028,17.38469,78.45073,,,,
62,DR. Narayana Rao Nandapurkar Residency,here:pds:place:356jx7ps-f670c20298900610d4abf58850250907,en-GB,here:cm:ontology:apartment_rental_flat_rental,place,"[{'lat': 17.38967, 'lng': 78.49024}]",3658,"[{'id': '900-9300-0221', 'name': 'Residential Area/Building', 'primary': True}, {'id': '700-7200-0324', 'name': 'Apartment/Flat Rental'}]","[{'supplier': {'id': 'core'}, 'id': '1110412274'}]","DR. Narayana Rao Nandapurkar Residency, Reliance Digitals Lane, Kutbi Guda-Sai Nanditha Enclave, Kachiguda, Hyderabad 500027, India",IND,India,TS,Telangana,Hyderabad,Hyderabad,Kachiguda,Kutbi Guda-Sai Nanditha Enclave,Reliance Digitals Lane,500027,17.38963,78.49026,,,,
63,Manju Diamond Apartment,here:pds:place:356jx7ps-d07fb1dd802b0a1def93884a8c62533a,en-GB,here:cm:ontology:apartment_rental_flat_rental,place,"[{'lat': 17.38507, 'lng': 78.45119}]",3658,"[{'id': '900-9300-0221', 'name': 'Residential Area/Building', 'primary': True}, {'id': '700-7200-0324', 'name': 'Apartment/Flat Rental'}]","[{'supplier': {'id': 'core'}, 'id': '1135253857'}]","Manju Diamond Apartment, Natraj Nagar-Dattatreya Colony, Asif Nagar, Hyderabad 500028, India",IND,India,TS,Telangana,Hyderabad,Hyderabad,Asif Nagar,Natraj Nagar-Dattatreya Colony,,500028,17.38509,78.45105,,,,
64,Osman Plaza,here:pds:place:356jx7ps-74074976aafd09506fee8a3fd02a099f,en-GB,here:cm:ontology:apartment_rental_flat_rental,place,"[{'lat': 17.39346, 'lng': 78.47092}]",3668,"[{'id': '900-9300-0221', 'name': 'Residential Area/Building', 'primary': True}, {'id': '700-7200-0324', 'name': 'Apartment/Flat Rental'}]","[{'supplier': {'id': 'core'}, 'id': '1100404459'}]","Osman Plaza, Mahesh Nagar, Abids, Hyderabad 500001, India",IND,India,TS,Telangana,Hyderabad,Hyderabad,Abids,Mahesh Nagar,,500001,17.39344,78.4709,,,,
65,Akbar Manjil,here:pds:place:356tepfc-9d7c4627d2834de4a7b7fcaea2cfe5de,en-GB,here:cm:ontology:apartment_rental_flat_rental,place,"[{'lat': 17.39155, 'lng': 78.46189}]",3675,"[{'id': '900-9300-0221', 'name': 'Residential Area/Building', 'primary': True}, {'id': '700-7200-0324', 'name': 'Apartment/Flat Rental'}]","[{'supplier': {'id': 'core'}, 'id': '1069895955'}]","Akbar Manjil, Nampally Market Road, Aghapura-Habeeb Nagar, Nampally, Hyderabad 500001, India",IND,India,TS,Telangana,Hyderabad,Hyderabad,Nampally,Aghapura-Habeeb Nagar,Nampally Market Road,500001,17.39153,78.46189,,,,
66,Gulab Cyber Avenue,here:pds:place:356tepff-2bdbcd0fddc74f19aada6772d1a90e04,en-GB,here:cm:ontology:apartment_rental_flat_rental,place,"[{'lat': 17.3909, 'lng': 78.48782}]",3678,"[{'id': '700-7200-0324', 'name': 'Apartment/Flat Rental', 'primary': True}, {'id': '600-6900-0000', 'name': 'Consumer Goods'}, {'id': '700-7250-0136', 'name': 'Business Facility'}, {'id': '900-9300-0221', 'name': 'Residential Area/Building'}]","[{'supplier': {'id': 'core'}, 'id': '1024039264'}]","Gulab Cyber Avenue, Kachiguda Road, Hyderguda-Rajmohalla, King Koti, Hyderabad 500095, India",IND,India,TS,Telangana,Hyderabad,Hyderabad,King Koti,Hyderguda-Rajmohalla,Kachiguda Road,500095,17.39095,78.48782,,,,
67,Bhagwati,here:pds:place:356jx7ps-b2177e5670610799fdf5d715197c0130,en-GB,here:cm:ontology:apartment_rental_flat_rental,place,"[{'lat': 17.38883, 'lng': 78.49228}]",3683,"[{'id': '900-9300-0221', 'name': 'Residential Area/Building', 'primary': True}, {'id': '700-7200-0324', 'name': 'Apartment/Flat Rental'}]","[{'supplier': {'id': 'core'}, 'id': '1138798565'}]","Bhagwati, Kutbi Guda-Sai Nanditha Enclave, Kachiguda, Hyderabad 500027, India",IND,India,TS,Telangana,Hyderabad,Hyderabad,Kachiguda,Kutbi Guda-Sai Nanditha Enclave,,500027,17.38886,78.49214,,,,
68,Pulla Reddy,here:pds:place:356tepff-13bae7cadea2de7fd9dd318ea1f31180,en-GB,here:cm:ontology:apartment_rental_flat_rental,place,"[{'lat': 17.3897, 'lng': 78.49091}]",3686,"[{'id': '700-7200-0324', 'name': 'Apartment/Flat Rental', 'primary': True}]",,"Pulla Reddy, Kuthabiguda 2nd Street, Kutbi Guda-Sai Nanditha Enclave, Kachiguda, Hyderabad 500027, India",IND,India,TS,Telangana,Hyderabad,Hyderabad,Kachiguda,Kutbi Guda-Sai Nanditha Enclave,Kuthabiguda 2nd Street,500027,17.38958,78.49091,,,,
69,Pulla Reddy Royal Apartments,here:pds:place:356jx7ps-f903d980b2cc0361836501cde652677a,en-GB,here:cm:ontology:apartment_rental_flat_rental,place,"[{'lat': 17.38972, 'lng': 78.49087}]",3687,"[{'id': '700-7200-0324', 'name': 'Apartment/Flat Rental', 'primary': True}]","[{'supplier': {'id': 'core'}, 'id': '1110488054'}]","Pulla Reddy Royal Apartments, Kuthabiguda 2nd Street, Kutbi Guda-Sai Nanditha Enclave, Kachiguda, Hyderabad 500027, India",IND,India,TS,Telangana,Hyderabad,Hyderabad,Kachiguda,Kutbi Guda-Sai Nanditha Enclave,Kuthabiguda 2nd Street,500027,17.38962,78.49084,,,,
70,Kisna Grandeur,here:pds:place:356tepff-3cc475d320a94cf7a9a035c90c821cc1,en,here:cm:ontology:apartment_rental_flat_rental,place,"[{'lat': 17.38945, 'lng': 78.49109}]",3687,"[{'id': '700-7200-0324', 'name': 'Apartment/Flat Rental', 'primary': True}]",,"Kisna Grandeur, Kutbi Guda-Sai Nanditha Enclave, Kachiguda, Hyderabad 500027, India",IND,India,TS,Telangana,Hyderabad,Hyderabad,Kachiguda,Kutbi Guda-Sai Nanditha Enclave,,500027,17.38944,78.49118,,,,
71,Laxmi Nivas,here:pds:place:356jx7ps-933dfcca864c0a13ed694fdf49c8f446,en-GB,here:cm:ontology:apartment_rental_flat_rental,place,"[{'lat': 17.38773, 'lng': 78.49424}]",3687,"[{'id': '900-9300-0221', 'name': 'Residential Area/Building', 'primary': True}, {'id': '700-7200-0324', 'name': 'Apartment/Flat Rental'}]","[{'supplier': {'id': 'core'}, 'id': '1100438031'}, {'supplier': {'id': 'core'}, 'id': '1146234139'}]","Laxmi Nivas, Mahalaxmi Nilayam-Chappal Bazar, Kachiguda, Hyderabad 500027, India",IND,India,TS,Telangana,Hyderabad,Hyderabad,Kachiguda,Mahalaxmi Nilayam-Chappal Bazar,,500027,17.3876,78.49422,,,,
72,Sarojini Apartments,here:pds:place:356jx7ps-e05984fbfabd0ade81e77bc00befcd4d,en-GB,here:cm:ontology:apartment_rental_flat_rental,place,"[{'lat': 17.39117, 'lng': 78.48765}]",3690,"[{'id': '900-9300-0221', 'name': 'Residential Area/Building', 'primary': True}, {'id': '700-7200-0324', 'name': 'Apartment/Flat Rental'}]","[{'supplier': {'id': 'core'}, 'id': '1110412078'}]","Sarojini Apartments, Hyderguda-Rajmohalla, King Koti, Hyderabad 500095, India",IND,India,TS,Telangana,Hyderabad,Hyderabad,King Koti,Hyderguda-Rajmohalla,,500095,17.39115,78.48762,,,,
73,Ratan Sagar Commercial Complex,here:pds:place:356jx7ps-bb3608cba3c009ab7181bb01f6d39ffc,en-GB,here:cm:ontology:apartment_rental_flat_rental,place,"[{'lat': 17.38989, 'lng': 78.49043}]",3691,"[{'id': '700-7250-0136', 'name': 'Business Facility', 'primary': True}, {'id': '700-7200-0324', 'name': 'Apartment/Flat Rental'}, {'id': '900-9300-0221', 'name': 'Residential Area/Building'}]","[{'supplier': {'id': 'core'}, 'id': '1110488052'}]","Ratan Sagar Commercial Complex, Kuthabiguda 2nd Street, Kutbi Guda-Sai Nanditha Enclave, Kachiguda, Hyderabad 500027, India",IND,India,TS,Telangana,Hyderabad,Hyderabad,Kachiguda,Kutbi Guda-Sai Nanditha Enclave,Kuthabiguda 2nd Street,500027,17.38988,78.49043,,,,
74,Om Sai Residency,here:pds:place:356jx7ps-f89a2c8f4186069362b605c5b575220c,en-GB,here:cm:ontology:apartment_rental_flat_rental,place,"[{'lat': 17.38812, 'lng': 78.49461}]",3763,"[{'id': '900-9300-0221', 'name': 'Residential Area/Building', 'primary': True}, {'id': '700-7200-0324', 'name': 'Apartment/Flat Rental'}]","[{'supplier': {'id': 'core'}, 'id': '1097243273'}]","Om Sai Residency, Mahalaxmi Nilayam-Chappal Bazar, Kachiguda, Hyderabad 500027, India",IND,India,TS,Telangana,Hyderabad,Hyderabad,Kachiguda,Mahalaxmi Nilayam-Chappal Bazar,,500027,17.38811,78.49469,,,,
75,Chamkur Villa,here:pds:place:356jx7ps-630042debf7f07a39c4d7d8ed28a409b,en-GB,here:cm:ontology:apartment_rental_flat_rental,place,"[{'lat': 17.3881, 'lng': 78.49489}]",3771,"[{'id': '900-9300-0221', 'name': 'Residential Area/Building', 'primary': True}, {'id': '700-7200-0324', 'name': 'Apartment/Flat Rental'}]","[{'supplier': {'id': 'core'}, 'id': '1097243297'}]","Chamkur Villa, Mahalaxmi Nilayam-Chappal Bazar, Kachiguda, Hyderabad 500027, India",IND,India,TS,Telangana,Hyderabad,Hyderabad,Kachiguda,Mahalaxmi Nilayam-Chappal Bazar,,500027,17.38807,78.49488,,,,
76,Sai Sikhara's Sikhara Heights,here:pds:place:356jx7ps-3c673811d9540d1d205adf4e4794a5ac,en-GB,here:cm:ontology:apartment_rental_flat_rental,place,"[{'lat': 17.3894, 'lng': 78.4931}]",3787,"[{'id': '900-9300-0221', 'name': 'Residential Area/Building', 'primary': True}, {'id': '700-7200-0324', 'name': 'Apartment/Flat Rental'}]","[{'supplier': {'id': 'core'}, 'id': '1105738563'}]","Sai Sikhara's Sikhara Heights, Bagh Lingampally Road, Mahalaxmi Nilayam-Chappal Bazar, Kachiguda, Hyderabad 500027, India",IND,India,TS,Telangana,Hyderabad,Hyderabad,Kachiguda,Mahalaxmi Nilayam-Chappal Bazar,Bagh Lingampally Road,500027,17.38941,78.49307,,,,
77,Nasreen Gulshan,here:pds:place:356jx7ps-c66ac590cfb30184a316e9ec98c53bb1,en-GB,here:cm:ontology:apartment_rental_flat_rental,place,"[{'lat': 17.39211, 'lng': 78.46066}]",3790,"[{'id': '900-9300-0221', 'name': 'Residential Area/Building', 'primary': True}, {'id': '700-7200-0324', 'name': 'Apartment/Flat Rental'}]","[{'supplier': {'id': 'core'}, 'id': '1110405932'}]","Nasreen Gulshan, New Mallepally, Mallepally, Hyderabad 500001, India",IND,India,TS,Telangana,Hyderabad,Hyderabad,Mallepally,New Mallepally,,500001,17.39213,78.46052,,,,
78,Sarojana Nilayam,here:pds:place:356jx7ps-87d1ca2d0517011c11eff92678bd5336,en-GB,here:cm:ontology:apartment_rental_flat_rental,place,"[{'lat': 17.38841, 'lng': 78.49511}]",3796,"[{'id': '900-9300-0221', 'name': 'Residential Area/Building', 'primary': True}, {'id': '700-7200-0324', 'name': 'Apartment/Flat Rental'}]","[{'supplier': {'id': 'core'}, 'id': '1105740464'}]","Sarojana Nilayam, Mahalaxmi Nilayam-Chappal Bazar, Kachiguda, Hyderabad 500027, India",IND,India,TS,Telangana,Hyderabad,Hyderabad,Kachiguda,Mahalaxmi Nilayam-Chappal Bazar,,500027,17.38825,78.49503,,,,
79,Metro Apartments,here:pds:place:356tepff-6ad38bf90ee14e348c4379c5d33e207d,en-GB,here:cm:ontology:apartment_rental_flat_rental,place,"[{'lat': 17.38908, 'lng': 78.49365}]",3800,"[{'id': '700-7200-0324', 'name': 'Apartment/Flat Rental', 'primary': True}]",,"Metro Apartments, Mahalaxmi Nilayam-Chappal Bazar, Kachiguda, Hyderabad 500027, India",IND,India,TS,Telangana,Hyderabad,Hyderabad,Kachiguda,Mahalaxmi Nilayam-Chappal Bazar,,500027,17.38918,78.49368,,,,
80,Anand Swaroop Nivas,here:pds:place:356jx7ps-aa1054390ed100e0c3319ddd194d7a91,en-GB,here:cm:ontology:apartment_rental_flat_rental,place,"[{'lat': 17.38916, 'lng': 78.49346}]",3800,"[{'id': '900-9300-0221', 'name': 'Residential Area/Building', 'primary': True}, {'id': '700-7200-0324', 'name': 'Apartment/Flat Rental'}]","[{'supplier': {'id': 'core'}, 'id': '1139179274'}]","Anand Swaroop Nivas, Mahalaxmi Nilayam-Chappal Bazar, Kachiguda, Hyderabad 500027, India",IND,India,TS,Telangana,Hyderabad,Hyderabad,Kachiguda,Mahalaxmi Nilayam-Chappal Bazar,,500027,17.38928,78.49352,,,,
81,Hameed Villa,here:pds:place:356jx7ps-ba9530b2d99b021543f4dbeb7d1e357f,en-GB,here:cm:ontology:apartment_rental_flat_rental,place,"[{'lat': 17.39228, 'lng': 78.46069}]",3807,"[{'id': '900-9300-0221', 'name': 'Residential Area/Building', 'primary': True}, {'id': '700-7200-0324', 'name': 'Apartment/Flat Rental'}]","[{'supplier': {'id': 'core'}, 'id': '1069895778'}]","Hameed Villa, New Mallepally, Mallepally, Hyderabad 500001, India",IND,India,TS,Telangana,Hyderabad,Hyderabad,Mallepally,New Mallepally,,500001,17.39231,78.46055,[{'phone': [{'value': '+914023345797'}]}],,,
82,Sree Krishnas Noble Plaza,here:pds:place:356jx7ps-c6e2bc455b8c0f2cfed949bc38ed61e5,en-GB,here:cm:ontology:apartment_rental_flat_rental,place,"[{'lat': 17.38902, 'lng': 78.45399}]",3808,"[{'id': '900-9300-0221', 'name': 'Residential Area/Building', 'primary': True}, {'id': '700-7200-0324', 'name': 'Apartment/Flat Rental'}]","[{'supplier': {'id': 'core'}, 'id': '1099977992'}]","Sree Krishnas Noble Plaza, Natraj Nagar, Asif Nagar, Hyderabad 500028, India",IND,India,TS,Telangana,Hyderabad,Hyderabad,Asif Nagar,Natraj Nagar,,500028,17.38899,78.454,,,,
83,Zam Zam Residency,here:pds:place:356tepfc-424c6f9cedd347a3bdf22831798abd13,en-GB,here:cm:ontology:apartment_rental_flat_rental,place,"[{'lat': 17.39226, 'lng': 78.46035}]",3815,"[{'id': '900-9300-0221', 'name': 'Residential Area/Building', 'primary': True}, {'id': '700-7200-0324', 'name': 'Apartment/Flat Rental'}]","[{'supplier': {'id': 'core'}, 'id': '1100400238'}]","Zam Zam Residency, Zam Zam Residency, 11-3-632, New Mallepally, Mallepally, Hyderabad 500001, India",IND,India,TS,Telangana,Hyderabad,Hyderabad,Mallepally,New Mallepally,,500001,17.39231,78.46036,,,11-3-632,Zam Zam Residency
84,Shafi-Villa,here:pds:place:356jx7ps-6cc5ecf4c34d0fb496d8cf8d38f0adab,en-GB,here:cm:ontology:apartment_rental_flat_rental,place,"[{'lat': 17.39231, 'lng': 78.46144}]",3820,"[{'id': '900-9300-0221', 'name': 'Residential Area/Building', 'primary': True}, {'id': '700-7200-0324', 'name': 'Apartment/Flat Rental'}]","[{'supplier': {'id': 'core'}, 'id': '1100400008'}]","Shafi-Villa, New Malla Ball Road, New Mallepally, Mallepally, Hyderabad 500001, India",IND,India,TS,Telangana,Hyderabad,Hyderabad,Mallepally,New Mallepally,New Malla Ball Road,500001,17.39249,78.4607,,,,
85,Sameena Manzil,here:pds:place:356jx7ps-6a35ebfe357508175002ba2b56a4c628,en-GB,here:cm:ontology:apartment_rental_flat_rental,place,"[{'lat': 17.39382, 'lng': 78.46451}]",3838,"[{'id': '900-9300-0221', 'name': 'Residential Area/Building', 'primary': True}, {'id': '700-7200-0324', 'name': 'Apartment/Flat Rental'}]","[{'supplier': {'id': 'core'}, 'id': '1110405834'}]","Sameena Manzil, Red Hills-Devi Bagh, Lakdikapul, Hyderabad 500004, India",IND,India,TS,Telangana,Hyderabad,Hyderabad,Lakdikapul,Red Hills-Devi Bagh,,500004,17.39385,78.46441,,,,
86,R. K. Complex Association,here:pds:place:356tepff-e84db67e220e4ed9ade0319a16e126d1,en-GB,here:cm:ontology:apartment_rental_flat_rental,place,"[{'lat': 17.39024, 'lng': 78.49266}]",3846,"[{'id': '700-7250-0136', 'name': 'Business Facility', 'primary': True}, {'id': '700-7200-0324', 'name': 'Apartment/Flat Rental'}, {'id': '900-9300-0221', 'name': 'Residential Area/Building'}]","[{'supplier': {'id': 'core'}, 'id': '1024015111'}, {'supplier': {'id': 'core'}, 'id': '1220372859'}]","R. K. Complex Association, Kachiguda Railway Station Road, Lingampally, Kachiguda, Hyderabad 500027, India",IND,India,TS,Telangana,Hyderabad,Hyderabad,Kachiguda,Lingampally,Kachiguda Railway Station Road,500027,17.39027,78.49266,,,,
87,S. K. Residency,here:pds:place:356jx7ps-6202c619697b0d6c260cb1e923a2f8c1,en-GB,here:cm:ontology:apartment_rental_flat_rental,place,"[{'lat': 17.39245, 'lng': 78.4615}]",3854,"[{'id': '900-9300-0221', 'name': 'Residential Area/Building', 'primary': True}, {'id': '700-7200-0324', 'name': 'Apartment/Flat Rental'}]","[{'supplier': {'id': 'core'}, 'id': '1069954314'}]","S. K. Residency, New Malla Ball Road, New Mallepally, Mallepally, Hyderabad 500001, India",IND,India,TS,Telangana,Hyderabad,Hyderabad,Mallepally,New Mallepally,New Malla Ball Road,500001,17.39283,78.46073,,,,
88,Yousuf Ali,here:pds:place:356jx7ps-ba56d42edca7036c3e7014529ae73816,en-GB,here:cm:ontology:apartment_rental_flat_rental,place,"[{'lat': 17.39451, 'lng': 78.4818}]",3856,"[{'id': '900-9300-0221', 'name': 'Residential Area/Building', 'primary': True}, {'id': '700-7200-0324', 'name': 'Apartment/Flat Rental'}]","[{'supplier': {'id': 'core'}, 'id': '1137921001'}]","Yousuf Ali, Hyderguda-Old Mla Quarters, King Koti, Hyderabad 500029, India",IND,India,TS,Telangana,Hyderabad,Hyderabad,King Koti,Hyderguda-Old Mla Quarters,,500029,17.39448,78.48178,,,,
89,Hima Sai Kailash,here:pds:place:356jx7ps-0a69a0e23e6100f6f19965944d6047be,en-GB,here:cm:ontology:apartment_rental_flat_rental,place,"[{'lat': 17.39099, 'lng': 78.49175}]",3868,"[{'id': '900-9300-0221', 'name': 'Residential Area/Building', 'primary': True}, {'id': '700-7200-0324', 'name': 'Apartment/Flat Rental'}]","[{'supplier': {'id': 'core'}, 'id': '1110411876'}]","Hima Sai Kailash, Lingampally 14th Street, Lingampally-Parvarish Bagh Colony, Kachiguda, Hyderabad 500027, India",IND,India,TS,Telangana,Hyderabad,Hyderabad,Kachiguda,Lingampally-Parvarish Bagh Colony,Lingampally 14th Street,500027,17.39099,78.49178,,,,
90,Sohel Salahuddin,here:pds:place:356jx7ps-09e72a18b7b709e0078a65848eed30aa,en-GB,here:cm:ontology:apartment_rental_flat_rental,place,"[{'lat': 17.39279, 'lng': 78.45996}]",3884,"[{'id': '900-9300-0221', 'name': 'Residential Area/Building', 'primary': True}, {'id': '700-7200-0324', 'name': 'Apartment/Flat Rental'}]","[{'supplier': {'id': 'core'}, 'id': '1069895924'}]","Sohel Salahuddin, Jamia Masjid Road, New Mallepally-Gokul Nagar, Mallepally, Hyderabad 500001, India",IND,India,TS,Telangana,Hyderabad,Hyderabad,Mallepally,New Mallepally-Gokul Nagar,Jamia Masjid Road,500001,17.39282,78.45996,,,,
91,Tawakkal Manzil,here:pds:place:356jx7ps-772d0bf90d080216d5f3915e29a7cbe6,en-GB,here:cm:ontology:apartment_rental_flat_rental,place,"[{'lat': 17.39279, 'lng': 78.45945}]",3902,"[{'id': '900-9300-0221', 'name': 'Residential Area/Building', 'primary': True}, {'id': '700-7200-0324', 'name': 'Apartment/Flat Rental'}]","[{'supplier': {'id': 'core'}, 'id': '1110415586'}]","Tawakkal Manzil, Jamia Masjid Road, New Mallepally, Mallepally, Hyderabad 500001, India",IND,India,TS,Telangana,Hyderabad,Hyderabad,Mallepally,New Mallepally,Jamia Masjid Road,500001,17.39279,78.45945,,,,
92,Basheer Manzil,here:pds:place:356jx7ps-4791400f62d108261e95bbb41c97c999,en-GB,here:cm:ontology:apartment_rental_flat_rental,place,"[{'lat': 17.38374, 'lng': 78.50183}]",3922,"[{'id': '900-9300-0221', 'name': 'Residential Area/Building', 'primary': True}, {'id': '700-7200-0324', 'name': 'Apartment/Flat Rental'}]","[{'supplier': {'id': 'core'}, 'id': '1146232921'}]","Basheer Manzil, Old Malakpet-Aphb Colony, Malakpet, Hyderabad 500036, India",IND,India,TS,Telangana,Hyderabad,Hyderabad,Malakpet,Old Malakpet-Aphb Colony,,500036,17.3839,78.5018,,,,
93,Bait-Ul-Khair,here:pds:place:356jx7ps-8d5434029ffc0b8bd45c8a68b43d9f46,en-GB,here:cm:ontology:apartment_rental_flat_rental,place,"[{'lat': 17.39204, 'lng': 78.4569}]",3928,"[{'id': '900-9300-0221', 'name': 'Residential Area/Building', 'primary': True}, {'id': '700-7200-0324', 'name': 'Apartment/Flat Rental'}]","[{'supplier': {'id': 'core'}, 'id': '1110408321'}]","Bait-Ul-Khair, New Mallepally-Mozampura, Mallepally, Hyderabad 500001, India",IND,India,TS,Telangana,Hyderabad,Hyderabad,Mallepally,New Mallepally-Mozampura,,500001,17.39193,78.45698,,,,
94,Taj Muskan Complex,here:pds:place:356jx7ps-4309d6c28b0a05e374141c4264cf6853,en-GB,here:cm:ontology:apartment_rental_flat_rental,place,"[{'lat': 17.39448, 'lng': 78.46304}]",3947,"[{'id': '900-9300-0221', 'name': 'Residential Area/Building', 'primary': True}, {'id': '700-7200-0324', 'name': 'Apartment/Flat Rental'}]","[{'supplier': {'id': 'core'}, 'id': '1069895883'}]","Taj Muskan Complex, Red Hills-Farooq Nagar-Bazar Ghat, Lakdikapul, Hyderabad 500004, India",IND,India,TS,Telangana,Hyderabad,Hyderabad,Lakdikapul,Red Hills-Farooq Nagar-Bazar Ghat,,500004,17.39448,78.46301,,,,
95,A. P. Residency,here:pds:place:356jx7ps-a54e599a6e400517b0c6154e35a4e540,en-GB,here:cm:ontology:apartment_rental_flat_rental,place,"[{'lat': 17.39201, 'lng': 78.4914}]",3949,"[{'id': '900-9300-0221', 'name': 'Residential Area/Building', 'primary': True}, {'id': '700-7200-0324', 'name': 'Apartment/Flat Rental'}]","[{'supplier': {'id': 'core'}, 'id': '1103331824'}]","A. P. Residency, Lingampally No 12 Street, Lingampally-Basant Nagar Colony, Kachiguda, Hyderabad 500027, India",IND,India,TS,Telangana,Hyderabad,Hyderabad,Kachiguda,Lingampally-Basant Nagar Colony,Lingampally No 12 Street,500027,17.39201,78.4914,,,,
96,Qaim Manzil,here:pds:place:356jx7ps-6a08d564fd0d02ced22c97c78be25cb5,en-GB,here:cm:ontology:apartment_rental_flat_rental,place,"[{'lat': 17.39564, 'lng': 78.48175}]",3978,"[{'id': '900-9300-0221', 'name': 'Residential Area/Building', 'primary': True}, {'id': '700-7200-0324', 'name': 'Apartment/Flat Rental'}]","[{'supplier': {'id': 'core'}, 'id': '1110412445'}]","Qaim Manzil, Hyderguda-Old Mla Quarters, King Koti, Hyderabad 500029, India",IND,India,TS,Telangana,Hyderabad,Hyderabad,King Koti,Hyderguda-Old Mla Quarters,,500029,17.39561,78.48174,,,,
97,K P M Residency,here:pds:place:356jx7ps-6c94bfef563b02c1398180c930bcdbb7,en-GB,here:cm:ontology:apartment_rental_flat_rental,place,"[{'lat': 17.39563, 'lng': 78.48183}]",3979,"[{'id': '900-9300-0221', 'name': 'Residential Area/Building', 'primary': True}, {'id': '700-7200-0324', 'name': 'Apartment/Flat Rental'}]","[{'supplier': {'id': 'core'}, 'id': '1110412444'}]","K P M Residency, Hyderguda-Old Mla Quarters, King Koti, Hyderabad 500029, India",IND,India,TS,Telangana,Hyderabad,Hyderabad,King Koti,Hyderguda-Old Mla Quarters,,500029,17.3956,78.48183,,,,
98,Ramchander House,here:pds:place:356jx7ps-dfeeffd86287090920acf718732b07cb,en-GB,here:cm:ontology:apartment_rental_flat_rental,place,"[{'lat': 17.39663, 'lng': 78.4727}]",4011,"[{'id': '900-9300-0221', 'name': 'Residential Area/Building', 'primary': True}, {'id': '700-7200-0324', 'name': 'Apartment/Flat Rental'}]","[{'supplier': {'id': 'core'}, 'id': '1111563487'}]","Ramchander House, Chapel Road, Fateh Maidan, Abids, Hyderabad 500001, India",IND,India,TS,Telangana,Hyderabad,Hyderabad,Abids,Fateh Maidan,Chapel Road,500001,17.39664,78.47274,,,,
99,Samreen Estate,here:pds:place:356jx7ps-5a4073d17827036ddb2e6a13d27fb705,en-GB,here:cm:ontology:apartment_rental_flat_rental,place,"[{'lat': 17.3929, 'lng': 78.4572}]",4014,"[{'id': '900-9300-0221', 'name': 'Residential Area/Building', 'primary': True}, {'id': '700-7200-0324', 'name': 'Apartment/Flat Rental'}]","[{'supplier': {'id': 'core'}, 'id': '1110406271'}]","Samreen Estate, Shan Talkies Road, New Mallepally, Mallepally, Hyderabad 500001, India",IND,India,TS,Telangana,Hyderabad,Hyderabad,Mallepally,New Mallepally,Shan Talkies Road,500001,17.3929,78.4572,,,,
