,referralId,reasons.count,reasons.items,venue.id,venue.name,venue.location.lat,venue.location.lng,venue.location.labeledLatLngs,venue.location.distance,venue.location.cc,venue.location.city,venue.location.state,venue.location.country,venue.location.formattedAddress,venue.categories,venue.photos.count,venue.photos.groups,venue.location.address,venue.location.crossStreet,venue.location.postalCode,venue.venuePage.id,venue.location.neighborhood
0,e-0-4da53ba4fa8cf9bcc87a5c2c-0,0,"[{'summary': 'This spot is popular', 'type': 'general', 'reasonName': 'globalInteractionReason'}]",4da53ba4fa8cf9bcc87a5c2c,Laxman Ki Bandi,17.378894588428974,78.46397328339408,"[{'label': 'display', 'lat': 17.378894588428974, 'lng': 78.46397328339408}]",1143,IN,Hyderabad,Telangana,India,"['Hyderabad', 'Telangana', 'India']","[{'id': '54135bf5e4b08f3d2429dfde', 'name': 'South Indian Restaurant', 'pluralName': 'South Indian Restaurants', 'shortName': 'South Indian', 'icon': {'prefix': 'https://ss3.4sqi.net/img/categories_v2/food/default_', 'suffix': '.png'}, 'primary': True}]",0,[],,,,,
1,e-0-4d5fadf029ef236a85a09b59-1,0,"[{'summary': 'This spot is popular', 'type': 'general', 'reasonName': 'globalInteractionReason'}]",4d5fadf029ef236a85a09b59,Cafe Niloufer & Bakers,17.399714984098786,78.46288084900512,"[{'label': 'display', 'lat': 17.399714984098786, 'lng': 78.46288084900512}]",1231,IN,Hyderabad,Telangana,India,"['Red Hills Rd, Opp Hanuman Temple (Lakdikapul)', 'Hyderabad 500004', 'Telangana', 'India']","[{'id': '4bf58dd8d48988d16d941735', 'name': 'Café', 'pluralName': 'Cafés', 'shortName': 'Café', 'icon': {'prefix': 'https://ss3.4sqi.net/img/categories_v2/food/cafe_', 'suffix': '.png'}, 'primary': True}]",0,[],"Red Hills Rd, Opp Hanuman Temple",Lakdikapul,500004,175832303,
2,e-0-4c08f54f6071a5934901dd32-2,0,"[{'summary': 'This spot is popular', 'type': 'general', 'reasonName': 'globalInteractionReason'}]",4c08f54f6071a5934901dd32,Nizam club,17.403220921129257,78.46872909732845,"[{'label': 'display', 'lat': 17.403220921129257, 'lng': 78.46872909732845}]",1801,IN,Hyderabad,Telangana,India,"['Saifabad (Opp public garden)', 'Hyderabad 500004', 'Telangana', 'India']","[{'id': '4bf58dd8d48988d121941735', 'name': 'Lounge', 'pluralName': 'Lounges', 'shortName': 'Lounge', 'icon': {'prefix': 'https://ss3.4sqi.net/img/categories_v2/nightlife/default_', 'suffix': '.png'}, 'primary': True}]",0,[],Saifabad,Opp public garden,500004,,
3,e-0-4cc19bfb67a3b1f77a8dc90e-3,0,"[{'summary': 'This spot is popular', 'type': 'general', 'reasonName': 'globalInteractionReason'}]",4cc19bfb67a3b1f77a8dc90e,Chowmahala Palace,17.359299743829105,78.47161740649624,"[{'label': 'display', 'lat': 17.359299743829105, 'lng': 78.47161740649624}]",3468,IN,Hyderabad,Telangana,India,"['Moti Gali, Charminar', 'Hyderabad', 'Telangana', 'India']","[{'id': '4bf58dd8d48988d190941735', 'name': 'History Museum', 'pluralName': 'History Museums', 'shortName': 'History Museum', 'icon': {'prefix': 'https://ss3.4sqi.net/img/categories_v2/arts_entertainment/museum_history_', 'suffix': '.png'}, 'primary': True}]",0,[],"Moti Gali, Charminar",,,,
4,e-0-4cdd08d4fc973704fe47d905-4,0,"[{'summary': 'This spot is popular', 'type': 'general', 'reasonName': 'globalInteractionReason'}]",4cdd08d4fc973704fe47d905,Mayur Pan Shop,17.388893979984353,78.48057795543552,"[{'label': 'display', 'lat': 17.388893979984353, 'lng': 78.48057795543552}]",2072,IN,Hyderabad,Telangana,India,"['Hanuman Tekdi Rd.', 'Hyderabad', 'Telangana', 'India']","[{'id': '4bf58dd8d48988d112941735', 'name': 'Juice Bar', 'pluralName': 'Juice Bars', 'shortName': 'Juice Bar', 'icon': {'prefix': 'https://ss3.4sqi.net/img/categories_v2/food/juicebar_', 'suffix': '.png'}, 'primary': True}]",0,[],Hanuman Tekdi Rd.,,,,
5,e-0-4c642d01eb82d13a1fa809d6-5,0,"[{'summary': 'This spot is popular', 'type': 'general', 'reasonName': 'globalInteractionReason'}]",4c642d01eb82d13a1fa809d6,Shadaab,17.368661119712183,78.4755724156713,"[{'label': 'display', 'lat': 17.368661119712183, 'lng': 78.4755724156713}]",2719,IN,Hyderabad,Telangana,India,"['Hyderabad', 'Telangana', 'India']","[{'id': '4bf58dd8d48988d147941735', 'name': 'Diner', 'pluralName': 'Diners', 'shortName': 'Diner', 'icon': {'prefix': 'https://ss3.4sqi.net/img/categories_v2/food/diner_', 'suffix': '.png'}, 'primary': True}]",0,[],,,,,
6,e-0-50eaed9ae4b0c5df42f9ea9b-6,0,"[{'summary': 'This spot is popular', 'type': 'general', 'reasonName': 'globalInteractionReason'}]",50eaed9ae4b0c5df42f9ea9b,Siraj's International Juice Center,17.395579239983725,78.44270096891786,"[{'label': 'display', 'lat': 17.395579239983725, 'lng': 78.44270096891786}]",2092,IN,Hyderabad,Telangana,India,"['Mehdipatnam (Opp. Humayun Nagar Police Station)', 'Hyderabad', 'Telangana', 'India']","[{'id': '4bf58dd8d48988d112941735', 'name': 'Juice Bar', 'pluralName': 'Juice Bars', 'shortName': 'Juice Bar', 'icon': {'prefix': 'https://ss3.4sqi.net/img/categories_v2/food/juicebar_', 'suffix': '.png'}, 'primary': True}]",0,[],Mehdipatnam,Opp. Humayun Nagar Police Station,,,
7,e-0-4df9c65c62e1e9a24367f9e5-7,0,"[{'summary': 'This spot is popular', 'type': 'general', 'reasonName': 'globalInteractionReason'}]",4df9c65c62e1e9a24367f9e5,King & Cardinal,17.40067830505242,78.48857489055783,"[{'label': 'display', 'lat': 17.40067830505242, 'lng': 78.48857489055783}]",3208,IN,Hyderabad,Telangana,India,"['Himayatnagar (Narayanguda-himayat Nagar X Roads)', 'Hyderabad 500029', 'Telangana', 'India']","[{'id': '4bf58dd8d48988d16c941735', 'name': 'Burger Joint', 'pluralName': 'Burger Joints', 'shortName': 'Burgers', 'icon': {'prefix': 'https://ss3.4sqi.net/img/categories_v2/food/burger_', 'suffix': '.png'}, 'primary': True}]",0,[],Himayatnagar,Narayanguda-himayat Nagar X Roads,500029,,
8,e-0-4dc4a65e18506de4adc5d5e5-8,0,"[{'summary': 'This spot is popular', 'type': 'general', 'reasonName': 'globalInteractionReason'}]",4dc4a65e18506de4adc5d5e5,Pragati,17.38808781386729,78.48113363131787,"[{'label': 'display', 'lat': 17.38808781386729, 'lng': 78.48113363131787}]",2133,IN,Hyderabad,Telangana,India,"['Kandaswamy Lane, Sultan Bazaar, Koti Andhra Pradesh, India', 'Hyderabad', 'Telangana', 'India']","[{'id': '54135bf5e4b08f3d2429dfde', 'name': 'South Indian Restaurant', 'pluralName': 'South Indian Restaurants', 'shortName': 'South Indian', 'icon': {'prefix': 'https://ss3.4sqi.net/img/categories_v2/food/default_', 'suffix': '.png'}, 'primary': True}]",0,[],"Kandaswamy Lane, Sultan Bazaar, Koti Andhra Pradesh, India",,,,
9,e-0-4bdae2dac4e5952110c36a08-9,0,"[{'summary': 'This spot is popular', 'type': 'general', 'reasonName': 'globalInteractionReason'}]",4bdae2dac4e5952110c36a08,Lamakaan,17.42101717782916,78.44747414471229,"[{'label': 'display', 'lat': 17.42101717782916, 'lng': 78.44747414471229}]",3867,IN,Hyderabad,Telangana,India,"['Next to C Bay, Banjara Hills (Rd No 1)', 'Hyderabad', 'Telangana', 'India']","[{'id': '4bf58dd8d48988d1f2931735', 'name': 'Performing Arts Venue', 'pluralName': 'Performing Arts Venues', 'shortName': 'Performing Arts', 'icon': {'prefix': 'https://ss3.4sqi.net/img/categories_v2/arts_entertainment/performingarts_', 'suffix': '.png'}, 'primary': True}]",0,[],"Next to C Bay, Banjara Hills",Rd No 1,,,
10,e-0-4f93cb30e4b03828fe09326a-10,0,"[{'summary': 'This spot is popular', 'type': 'general', 'reasonName': 'globalInteractionReason'}]",4f93cb30e4b03828fe09326a,Park Hyatt Hyderabad,17.424764452273635,78.42960023866024,"[{'label': 'display', 'lat': 17.424764452273635, 'lng': 78.42960023866024}]",5216,IN,Hyderabad,TG,India,"['Road No. 2 Banjara Hills', 'Hyderabad 500034', 'TG', 'India']","[{'id': '4bf58dd8d48988d1fa931735', 'name': 'Hotel', 'pluralName': 'Hotels', 'shortName': 'Hotel', 'icon': {'prefix': 'https://ss3.4sqi.net/img/categories_v2/travel/hotel_', 'suffix': '.png'}, 'primary': True}]",0,[],Road No. 2 Banjara Hills,,500034,,
11,e-0-4f66024de4b0777dfdc91dde-11,0,"[{'summary': 'This spot is popular', 'type': 'general', 'reasonName': 'globalInteractionReason'}]",4f66024de4b0777dfdc91dde,Cream Stone Concepts,17.404283602919396,78.48145782683908,"[{'label': 'display', 'lat': 17.404283602919396, 'lng': 78.48145782683908}]",2769,IN,Hyderabad,Telangana,India,"['Himayathnagar', 'Hyderabad 500029', 'Telangana', 'India']","[{'id': '4bf58dd8d48988d1c9941735', 'name': 'Ice Cream Shop', 'pluralName': 'Ice Cream Shops', 'shortName': 'Ice Cream', 'icon': {'prefix': 'https://ss3.4sqi.net/img/categories_v2/food/icecream_', 'suffix': '.png'}, 'primary': True}]",0,[],Himayathnagar,,500029,,
12,e-0-4e089859a809495e619fa4d7-12,0,"[{'summary': 'This spot is popular', 'type': 'general', 'reasonName': 'globalInteractionReason'}]",4e089859a809495e619fa4d7,Necklace Road,17.419383551461067,78.46530662997712,"[{'label': 'display', 'lat': 17.419383551461067, 'lng': 78.46530662997712}]",3435,IN,Hyderabad,Telangana,India,"['Tank Bund', 'Hyderabad', 'Telangana', 'India']","[{'id': '4bf58dd8d48988d165941735', 'name': 'Scenic Lookout', 'pluralName': 'Scenic Lookouts', 'shortName': 'Scenic Lookout', 'icon': {'prefix': 'https://ss3.4sqi.net/img/categories_v2/parks_outdoors/sceniclookout_', 'suffix': '.png'}, 'primary': True}]",0,[],Tank Bund,,,,
13,e-0-4bdebd29be5120a17e98fe70-13,0,"[{'summary': 'This spot is popular', 'type': 'general', 'reasonName': 'globalInteractionReason'}]",4bdebd29be5120a17e98fe70,Cafe Bahar,17.399595277716383,78.47856581533269,"[{'label': 'display', 'lat': 17.399595277716383, 'lng': 78.47856581533269}]",2214,IN,Hyderabad,Telangana,India,"['3-5-815, Hyderguda', 'Hyderabad 500029', 'Telangana', 'India']","[{'id': '4bf58dd8d48988d10f941735', 'name': 'Indian Restaurant', 'pluralName': 'Indian Restaurants', 'shortName': 'Indian', 'icon': {'prefix': 'https://ss3.4sqi.net/img/categories_v2/food/indian_', 'suffix': '.png'}, 'primary': True}]",0,[],"3-5-815, Hyderguda",,500029,,
14,e-0-4e009da21838cb6a1acb225e-14,0,"[{'summary': 'This spot is popular', 'type': 'general', 'reasonName': 'globalInteractionReason'}]",4e009da21838cb6a1acb225e,Minerva Coffee Shop,17.40140986703394,78.48567190017107,"[{'label': 'display', 'lat': 17.40140986703394, 'lng': 78.48567190017107}]",2967,IN,Hyderabad,Telangana,India,"['Himyathnagar', 'Hyderabad 500029', 'Telangana', 'India']","[{'id': '4bf58dd8d48988d10f941735', 'name': 'Indian Restaurant', 'pluralName': 'Indian Restaurants', 'shortName': 'Indian', 'icon': {'prefix': 'https://ss3.4sqi.net/img/categories_v2/food/indian_', 'suffix': '.png'}, 'primary': True}]",0,[],Himyathnagar,,500029,,
15,e-0-4c680fe8e75ac9288aa2fbda-15,0,"[{'summary': 'This spot is popular', 'type': 'general', 'reasonName': 'globalInteractionReason'}]",4c680fe8e75ac9288aa2fbda,Cream Stone Concepts,17.424802013516064,78.42195498785948,"[{'label': 'display', 'lat': 17.424802013516064, 'lng': 78.42195498785948}]",5773,IN,Hyderabad,Telangana,India,"['Banjara Hills (Rd No 2)', 'Hyderabad', 'Telangana', 'India']","[{'id': '4bf58dd8d48988d1c9941735', 'name': 'Ice Cream Shop', 'pluralName': 'Ice Cream Shops', 'shortName': 'Ice Cream', 'icon': {'prefix': 'https://ss3.4sqi.net/img/categories_v2/food/icecream_', 'suffix': '.png'}, 'primary': True}]",0,[],Banjara Hills,Rd No 2,,,
16,e-0-4d20b3d7d7b0b1f771f0169f-16,0,"[{'summary': 'This spot is popular', 'type': 'general', 'reasonName': 'globalInteractionReason'}]",4d20b3d7d7b0b1f771f0169f,Aqua,17.42361173288638,78.46254087011502,"[{'label': 'display', 'lat': 17.42361173288638, 'lng': 78.46254087011502}]",3879,IN,Hyderabad,Telangana,India,"['The park', 'Hyderabad', 'Telangana', 'India']","[{'id': '4bf58dd8d48988d1d5941735', 'name': 'Hotel Bar', 'pluralName': 'Hotel Bars', 'shortName': 'Hotel Bar', 'icon': {'prefix': 'https://ss3.4sqi.net/img/categories_v2/travel/hotel_bar_', 'suffix': '.png'}, 'primary': True}]",0,[],The park,,,,
17,e-0-4e42c77445ddae899d09cb15-17,0,"[{'summary': 'This spot is popular', 'type': 'general', 'reasonName': 'globalInteractionReason'}]",4e42c77445ddae899d09cb15,Hotel Shah Ghouse,17.347899125874683,78.47098648138511,"[{'label': 'display', 'lat': 17.347899125874683, 'lng': 78.47098648138511}]",4671,IN,Hyderabad,Telangana,India,"['Shahalibanda (Old City)', 'Hyderabad', 'Telangana', 'India']","[{'id': '4bf58dd8d48988d1c7941735', 'name': 'Snack Place', 'pluralName': 'Snack Places', 'shortName': 'Snacks', 'icon': {'prefix': 'https://ss3.4sqi.net/img/categories_v2/food/snacks_', 'suffix': '.png'}, 'primary': True}]",0,[],Shahalibanda,Old City,,,
18,e-0-54997b40498e523caf850411-18,0,"[{'summary': 'This spot is popular', 'type': 'general', 'reasonName': 'globalInteractionReason'}]",54997b40498e523caf850411,Guilt Trip,17.41740061095305,78.44321896565191,"[{'label': 'display', 'lat': 17.41740061095305, 'lng': 78.44321896565191}]",3706,IN,,,India,['India'],"[{'id': '4bf58dd8d48988d146941735', 'name': 'Deli / Bodega', 'pluralName': 'Delis / Bodegas', 'shortName': 'Deli / Bodega', 'icon': {'prefix': 'https://ss3.4sqi.net/img/categories_v2/food/deli_', 'suffix': '.png'}, 'primary': True}]",0,[],,,,,
19,e-0-4bac7d4df964a5205df73ae3-19,0,"[{'summary': 'This spot is popular', 'type': 'general', 'reasonName': 'globalInteractionReason'}]",4bac7d4df964a5205df73ae3,10 Downing Street,17.43586817493973,78.45744348829194,"[{'label': 'display', 'lat': 17.43586817493973, 'lng': 78.45744348829194}]",5255,IN,Hyderabad,Telangana,India,"['Ground Floor, Lifestyle Building, Greenlands (Begumpet Rd)', 'Hyderabad', 'Telangana', 'India']","[{'id': '4bf58dd8d48988d11b941735', 'name': 'Pub', 'pluralName': 'Pubs', 'shortName': 'Pub', 'icon': {'prefix': 'https://ss3.4sqi.net/img/categories_v2/nightlife/pub_', 'suffix': '.png'}, 'primary': True}]",0,[],"Ground Floor, Lifestyle Building, Greenlands",Begumpet Rd,,,
20,e-0-5050c114e4b0694f643d178e-20,0,"[{'summary': 'This spot is popular', 'type': 'general', 'reasonName': 'globalInteractionReason'}]",5050c114e4b0694f643d178e,Mekong,17.437151274600346,78.45430121130967,"[{'label': 'display', 'lat': 17.437151274600346, 'lng': 78.45430121130967}]",5431,IN,Hyderabad,Telangana,India,"['Leelanagar (Begumpet)', 'Hyderabad 500016', 'Telangana', 'India']","[{'id': '4bf58dd8d48988d145941735', 'name': 'Chinese Restaurant', 'pluralName': 'Chinese Restaurants', 'shortName': 'Chinese', 'icon': {'prefix': 'https://ss3.4sqi.net/img/categories_v2/food/asian_', 'suffix': '.png'}, 'primary': True}]",0,[],Leelanagar,Begumpet,500016,,
21,e-0-4d3d4eca14aa8cfaa6d6b15e-21,0,"[{'summary': 'This spot is popular', 'type': 'general', 'reasonName': 'globalInteractionReason'}]",4d3d4eca14aa8cfaa6d6b15e,Santosh Dhaba,17.38848471244846,78.47950940403636,"[{'label': 'display', 'lat': 17.38848471244846, 'lng': 78.47950940403636}]",1959,IN,,,India,['India'],"[{'id': '4bf58dd8d48988d10f941735', 'name': 'Indian Restaurant', 'pluralName': 'Indian Restaurants', 'shortName': 'Indian', 'icon': {'prefix': 'https://ss3.4sqi.net/img/categories_v2/food/indian_', 'suffix': '.png'}, 'primary': True}]",0,[],,,,,
22,e-0-4fad45d5e4b08e3811616235-22,0,"[{'summary': 'This spot is popular', 'type': 'general', 'reasonName': 'globalInteractionReason'}]",4fad45d5e4b08e3811616235,Meridian Resturant,17.427354844491806,78.45215920349425,"[{'label': 'display', 'lat': 17.427354844491806, 'lng': 78.45215920349425}]",4396,IN,,,India,['India'],"[{'id': '4bf58dd8d48988d16e941735', 'name': 'Fast Food Restaurant', 'pluralName': 'Fast Food Restaurants', 'shortName': 'Fast Food', 'icon': {'prefix': 'https://ss3.4sqi.net/img/categories_v2/food/fastfood_', 'suffix': '.png'}, 'primary': True}]",0,[],,,,,
23,e-0-4d0103874f56b60cf6f6a437-23,0,"[{'summary': 'This spot is popular', 'type': 'general', 'reasonName': 'globalInteractionReason'}]",4d0103874f56b60cf6f6a437,Taj Falaknuma Palace,17.33011795505642,78.46745955062218,"[{'label': 'display', 'lat': 17.33011795505642, 'lng': 78.46745955062218}]",6566,IN,Hyderabad,Telangana,India,"['Engine Bowli, Falaknuma', 'Hyderabad', 'Telangana', 'India']","[{'id': '4bf58dd8d48988d12f951735', 'name': 'Resort', 'pluralName': 'Resorts', 'shortName': 'Resort', 'icon': {'prefix': 'https://ss3.4sqi.net/img/categories_v2/travel/resort_', 'suffix': '.png'}, 'primary': True}]",0,[],"Engine Bowli, Falaknuma",,,,
24,e-0-4e2e144eae60231c0320106a-24,0,"[{'summary': 'This spot is popular', 'type': 'general', 'reasonName': 'globalInteractionReason'}]",4e2e144eae60231c0320106a,Govind Ki Idly,17.364132006800244,78.4737710680256,"[{'label': 'display', 'lat': 17.364132006800244, 'lng': 78.4737710680256}]",3058,IN,Hyderabad,Telangana,India,"['Charminar', 'Hyderabad', 'Telangana', 'India']","[{'id': '54135bf5e4b08f3d2429dfde', 'name': 'South Indian Restaurant', 'pluralName': 'South Indian Restaurants', 'shortName': 'South Indian', 'icon': {'prefix': 'https://ss3.4sqi.net/img/categories_v2/food/default_', 'suffix': '.png'}, 'primary': True}]",0,[],Charminar,,,,
25,e-0-4f90d8b21081461b1972b4e7-25,0,"[{'summary': 'This spot is popular', 'type': 'general', 'reasonName': 'globalInteractionReason'}]",4f90d8b21081461b1972b4e7,SkyPark Cafe,17.407905426632215,78.44242527528617,"[{'label': 'display', 'lat': 17.407905426632215, 'lng': 78.44242527528617}]",2906,IN,Hyderabad,Telangana,India,"['Owners Pride. 8-2-681/BA/B1, Banjara Hills (Rd No 12)', 'Hyderabad 500034', 'Telangana', 'India']","[{'id': '4bf58dd8d48988d16d941735', 'name': 'Café', 'pluralName': 'Cafés', 'shortName': 'Café', 'icon': {'prefix': 'https://ss3.4sqi.net/img/categories_v2/food/cafe_', 'suffix': '.png'}, 'primary': True}]",0,[],"Owners Pride. 8-2-681/BA/B1, Banjara Hills",Rd No 12,500034,,
26,e-0-4c543cc0728920a13abe6a82-26,0,"[{'summary': 'This spot is popular', 'type': 'general', 'reasonName': 'globalInteractionReason'}]",4c543cc0728920a13abe6a82,Kebabs & Kurries,17.432374144194686,78.4575851947717,"[{'label': 'display', 'lat': 17.432374144194686, 'lng': 78.4575851947717}]",4866,IN,Hyderabad,Telangana,India,"['Greenlands Flyover, Greenlands, Punjagutta', 'Hyderabad', 'Telangana', 'India']","[{'id': '4bf58dd8d48988d10f941735', 'name': 'Indian Restaurant', 'pluralName': 'Indian Restaurants', 'shortName': 'Indian', 'icon': {'prefix': 'https://ss3.4sqi.net/img/categories_v2/food/indian_', 'suffix': '.png'}, 'primary': True}]",0,[],"Greenlands Flyover, Greenlands, Punjagutta",,,,
27,e-0-4e5b27778877c8a76dfc0f0c-27,0,"[{'summary': 'This spot is popular', 'type': 'general', 'reasonName': 'globalInteractionReason'}]",4e5b27778877c8a76dfc0f0c,Vivanta by Taj,17.44349840742226,78.4605560466047,"[{'label': 'display', 'lat': 17.44349840742226, 'lng': 78.4605560466047}]",6090,IN,Begumpet,Telangana,India,"['Vivanta By Taj - Begumpet, Hyderabad (1-10-147 & 148, Mayuri Marg)', 'Begumpet 500016', 'Telangana', 'India']","[{'id': '4bf58dd8d48988d1fa931735', 'name': 'Hotel', 'pluralName': 'Hotels', 'shortName': 'Hotel', 'icon': {'prefix': 'https://ss3.4sqi.net/img/categories_v2/travel/hotel_', 'suffix': '.png'}, 'primary': True}]",0,[],"Vivanta By Taj - Begumpet, Hyderabad","1-10-147 & 148, Mayuri Marg",500016,,
28,e-0-4cc1c709967d5481df0b7a57-28,0,"[{'summary': 'This spot is popular', 'type': 'general', 'reasonName': 'globalInteractionReason'}]",4cc1c709967d5481df0b7a57,Naturals Ice Cream,17.428535674867554,78.43962029681225,"[{'label': 'display', 'lat': 17.428535674867554, 'lng': 78.43962029681225}]",4976,IN,Hyderabad,Telangana,India,"['Near Srinagar Colony', 'Hyderabad 500073', 'Telangana', 'India']","[{'id': '4bf58dd8d48988d1c9941735', 'name': 'Ice Cream Shop', 'pluralName': 'Ice Cream Shops', 'shortName': 'Ice Cream', 'icon': {'prefix': 'https://ss3.4sqi.net/img/categories_v2/food/icecream_', 'suffix': '.png'}, 'primary': True}]",0,[],Near Srinagar Colony,,500073,,
29,e-0-5944e51ddb1d815a3b59be5f-29,0,"[{'summary': 'This spot is popular', 'type': 'general', 'reasonName': 'globalInteractionReason'}]",5944e51ddb1d815a3b59be5f,Fat Pigeon,17.42562428065777,78.40862090573665,"[{'label': 'display', 'lat': 17.42562428065777, 'lng': 78.40862090573665}]",6917,IN,Hyderabad,TG,India,"['Hyderabad 500034', 'TG', 'India']","[{'id': '4bf58dd8d48988d121941735', 'name': 'Lounge', 'pluralName': 'Lounges', 'shortName': 'Lounge', 'icon': {'prefix': 'https://ss3.4sqi.net/img/categories_v2/nightlife/default_', 'suffix': '.png'}, 'primary': True}]",0,[],,,500034,,
30,e-0-4e1b27cbd22ddd4af9ea6366-30,0,"[{'summary': 'This spot is popular', 'type': 'general', 'reasonName': 'globalInteractionReason'}]",4e1b27cbd22ddd4af9ea6366,ITC Kakatiya,17.432514031982514,78.45735255628313,"[{'label': 'display', 'lat': 17.432514031982514, 'lng': 78.45735255628313}]",4883,IN,Hyderabad,Telangana,India,"['6 -3 -1187, Begumpet (Begumpet)', 'Hyderabad 500016', 'Telangana', 'India']","[{'id': '4bf58dd8d48988d1fa931735', 'name': 'Hotel', 'pluralName': 'Hotels', 'shortName': 'Hotel', 'icon': {'prefix': 'https://ss3.4sqi.net/img/categories_v2/travel/hotel_', 'suffix': '.png'}, 'primary': True}]",0,[],"6 -3 -1187, Begumpet",Begumpet,500016,,
31,e-0-4de7b277e4cdfedb8aa3e7eb-31,0,"[{'summary': 'This spot is popular', 'type': 'general', 'reasonName': 'globalInteractionReason'}]",4de7b277e4cdfedb8aa3e7eb,Rain Lounge,17.425615113215137,78.42033732061138,"[{'label': 'display', 'lat': 17.425615113215137, 'lng': 78.42033732061138}]",5960,IN,Hyderabad,Telangana,India,"['7th Floor, Shangrillah plaza (KBR Road)', 'Hyderabad', 'Telangana', 'India']","[{'id': '4bf58dd8d48988d11f941735', 'name': 'Nightclub', 'pluralName': 'Nightclubs', 'shortName': 'Nightclub', 'icon': {'prefix': 'https://ss3.4sqi.net/img/categories_v2/nightlife/nightclub_', 'suffix': '.png'}, 'primary': True}]",0,[],"7th Floor, Shangrillah plaza",KBR Road,,,
32,e-0-551aba89498e7ca6c75914ee-32,0,"[{'summary': 'This spot is popular', 'type': 'general', 'reasonName': 'globalInteractionReason'}]",551aba89498e7ca6c75914ee,Starbucks,17.41941894752865,78.44813367018776,"[{'label': 'display', 'lat': 17.41941894752865, 'lng': 78.44813367018776}]",3676,IN,Hyderabad,Telangana,India,"['GVK One Mall', 'Hyderabad', 'Telangana', 'India']","[{'id': '4bf58dd8d48988d1e0931735', 'name': 'Coffee Shop', 'pluralName': 'Coffee Shops', 'shortName': 'Coffee Shop', 'icon': {'prefix': 'https://ss3.4sqi.net/img/categories_v2/food/coffeeshop_', 'suffix': '.png'}, 'primary': True}]",0,[],GVK One Mall,,,,
33,e-0-542b7888498ea5b08625e962-33,0,"[{'summary': 'This spot is popular', 'type': 'general', 'reasonName': 'globalInteractionReason'}]",542b7888498ea5b08625e962,Starbucks,17.416999191953632,78.41634448984544,"[{'label': 'display', 'lat': 17.416999191953632, 'lng': 78.41634448984544}]",5694,IN,Hyderabad,Telangana,India,"['Jubilee hills (Jubilee Hills)', 'Hyderabad 520007', 'Telangana', 'India']","[{'id': '4bf58dd8d48988d1e0931735', 'name': 'Coffee Shop', 'pluralName': 'Coffee Shops', 'shortName': 'Coffee Shop', 'icon': {'prefix': 'https://ss3.4sqi.net/img/categories_v2/food/coffeeshop_', 'suffix': '.png'}, 'primary': True}]",0,[],Jubilee hills,Jubilee Hills,520007,,Near Apollo Hospital
34,e-0-59a97b4f26659b3259fadb1a-34,0,"[{'summary': 'This spot is popular', 'type': 'general', 'reasonName': 'globalInteractionReason'}]",59a97b4f26659b3259fadb1a,The Roastery Coffee House,17.423382481168716,78.4316029374791,"[{'label': 'display', 'lat': 17.423382481168716, 'lng': 78.4316029374791}]",4962,IN,Rajendra Nagar,TG,India,"['Rajendra Nagar 500073', 'TG', 'India']","[{'id': '4bf58dd8d48988d16d941735', 'name': 'Café', 'pluralName': 'Cafés', 'shortName': 'Café', 'icon': {'prefix': 'https://ss3.4sqi.net/img/categories_v2/food/cafe_', 'suffix': '.png'}, 'primary': True}]",0,[],,,500073,,
35,e-0-4d49a6ca183f224b57c4e0a8-35,0,"[{'summary': 'This spot is popular', 'type': 'general', 'reasonName': 'globalInteractionReason'}]",4d49a6ca183f224b57c4e0a8,Cream Stone Concepts,17.430822635000705,78.40803920969422,"[{'label': 'display', 'lat': 17.430822635000705, 'lng': 78.40803920969422}]",7322,IN,Hyderabad,Telangana,India,"['Jubilee Hills (Rd No 36)', 'Hyderabad', 'Telangana', 'India']","[{'id': '4bf58dd8d48988d1c9941735', 'name': 'Ice Cream Shop', 'pluralName': 'Ice Cream Shops', 'shortName': 'Ice Cream', 'icon': {'prefix': 'https://ss3.4sqi.net/img/categories_v2/food/icecream_', 'suffix': '.png'}, 'primary': True}]",0,[],Jubilee Hills,Rd No 36,,,
36,e-0-549c1eaf498e5892fb58624f-36,0,"[{'summary': 'This spot is popular', 'type': 'general', 'reasonName': 'globalInteractionReason'}]",549c1eaf498e5892fb58624f,Syala Drive In,17.434458613440583,78.41325115888692,"[{'label': 'display', 'lat': 17.434458613440583, 'lng': 78.41325115888692}]",7186,IN,,,India,['India'],"[{'id': '4bf58dd8d48988d145941735', 'name': 'Chinese Restaurant', 'pluralName': 'Chinese Restaurants', 'shortName': 'Chinese', 'icon': {'prefix': 'https://ss3.4sqi.net/img/categories_v2/food/asian_', 'suffix': '.png'}, 'primary': True}]",0,[],,,,,
37,e-0-4d4925a1b480a143ed2120ec-37,0,"[{'summary': 'This spot is popular', 'type': 'general', 'reasonName': 'globalInteractionReason'}]",4d4925a1b480a143ed2120ec,Hyderabad Golf Club,17.393580769443158,78.40418797111813,"[{'label': 'display', 'lat': 17.393580769443158, 'lng': 78.40418797111813}]",6065,IN,Hyderabad,Telangana,India,"['Golf Course Rd, Banjara Darwaja, Golconda Fort', 'Hyderabad', 'Telangana', 'India']","[{'id': '4bf58dd8d48988d1e6941735', 'name': 'Golf Course', 'pluralName': 'Golf Courses', 'shortName': 'Golf Course', 'icon': {'prefix': 'https://ss3.4sqi.net/img/categories_v2/parks_outdoors/golfcourse_', 'suffix': '.png'}, 'primary': True}]",0,[],"Golf Course Rd, Banjara Darwaja, Golconda Fort",,,,
38,e-0-512ca607e4b016740e92f8dd-38,0,"[{'summary': 'This spot is popular', 'type': 'general', 'reasonName': 'globalInteractionReason'}]",512ca607e4b016740e92f8dd,Conçu Cakes,17.43174022957439,78.40806504610934,"[{'label': 'display', 'lat': 17.43174022957439, 'lng': 78.40806504610934}]",7386,IN,Hyderabad,Telangana,India,"['Near SVM, Jubilee Hills (Rd No 36)', 'Hyderabad 500033', 'Telangana', 'India']","[{'id': '4bf58dd8d48988d1bc941735', 'name': 'Cupcake Shop', 'pluralName': 'Cupcake Shops', 'shortName': 'Cupcakes', 'icon': {'prefix': 'https://ss3.4sqi.net/img/categories_v2/food/cupcakes_', 'suffix': '.png'}, 'primary': True}]",0,[],"Near SVM, Jubilee Hills",Rd No 36,500033,,
39,e-0-4cb9a766c7228cfacb3411ce-39,0,"[{'summary': 'This spot is popular', 'type': 'general', 'reasonName': 'globalInteractionReason'}]",4cb9a766c7228cfacb3411ce,Vac's,17.43222441400597,78.41873742742467,"[{'label': 'display', 'lat': 17.43222441400597, 'lng': 78.41873742742467}]",6602,IN,Hyderabad,Telangana,India,"['Jubilee Hills (Rd No 10)', 'Hyderabad', 'Telangana', 'India']","[{'id': '4bf58dd8d48988d16a941735', 'name': 'Bakery', 'pluralName': 'Bakeries', 'shortName': 'Bakery', 'icon': {'prefix': 'https://ss3.4sqi.net/img/categories_v2/food/bakery_', 'suffix': '.png'}, 'primary': True}]",0,[],Jubilee Hills,Rd No 10,,,
40,e-0-513afb90e4b04d69fd7cc3c7-40,0,"[{'summary': 'This spot is popular', 'type': 'general', 'reasonName': 'globalInteractionReason'}]",513afb90e4b04d69fd7cc3c7,Okra Restaurant,17.423816625946916,78.48725662547521,"[{'label': 'display', 'lat': 17.423816625946916, 'lng': 78.48725662547521}]",4790,IN,Hyderabad,Telangana,India,"['Opposite Hussain Sagar Lake (Tank Bund Road)', 'Hyderabad 500080', 'Telangana', 'India']","[{'id': '4bf58dd8d48988d1c4941735', 'name': 'Restaurant', 'pluralName': 'Restaurants', 'shortName': 'Restaurant', 'icon': {'prefix': 'https://ss3.4sqi.net/img/categories_v2/food/default_', 'suffix': '.png'}, 'primary': True}]",0,[],Opposite Hussain Sagar Lake,Tank Bund Road,500080,,
41,e-0-4ce914cbf3bda14382d2bde4-41,0,"[{'summary': 'This spot is popular', 'type': 'general', 'reasonName': 'globalInteractionReason'}]",4ce914cbf3bda14382d2bde4,KBR Park,17.425369306106653,78.42506280194094,"[{'label': 'display', 'lat': 17.425369306106653, 'lng': 78.42506280194094}]",5586,IN,Hyderabad,Telangana,India,"['KBR National Park (LV Prasad Marg)', 'Hyderabad', 'Telangana', 'India']","[{'id': '4bf58dd8d48988d163941735', 'name': 'Park', 'pluralName': 'Parks', 'shortName': 'Park', 'icon': {'prefix': 'https://ss3.4sqi.net/img/categories_v2/parks_outdoors/park_', 'suffix': '.png'}, 'primary': True}]",0,[],KBR National Park,LV Prasad Marg,,,Jubilee Hills
42,e-0-4bc894f22f94d13a1ee1137f-42,0,"[{'summary': 'This spot is popular', 'type': 'general', 'reasonName': 'globalInteractionReason'}]",4bc894f22f94d13a1ee1137f,Bawarchi,17.40636911819762,78.49766214602543,"[{'label': 'display', 'lat': 17.40636911819762, 'lng': 78.49766214602543}]",4352,IN,Hyderabad,Telangana,India,"['RTC X Rds (RTC X-Rds)', 'Hyderabad', 'Telangana', 'India']","[{'id': '4bf58dd8d48988d10f941735', 'name': 'Indian Restaurant', 'pluralName': 'Indian Restaurants', 'shortName': 'Indian', 'icon': {'prefix': 'https://ss3.4sqi.net/img/categories_v2/food/indian_', 'suffix': '.png'}, 'primary': True}]",0,[],RTC X Rds,RTC X-Rds,,,
43,e-0-4c42eee8d7fad13ab4d009da-43,0,"[{'summary': 'This spot is popular', 'type': 'general', 'reasonName': 'globalInteractionReason'}]",4c42eee8d7fad13ab4d009da,Golconda Fort,17.383858363285963,78.40326956582726,"[{'label': 'display', 'lat': 17.383858363285963, 'lng': 78.40326956582726}]",6164,IN,Hyderabad,Telangana,India,"['Darbar hall (btw Makki Darwaja road and Bada bazaar road)', 'Hyderabad', 'Telangana', 'India']","[{'id': '4deefb944765f83613cdba6e', 'name': 'Historic Site', 'pluralName': 'Historic Sites', 'shortName': 'Historic Site', 'icon': {'prefix': 'https://ss3.4sqi.net/img/categories_v2/arts_entertainment/historicsite_', 'suffix': '.png'}, 'primary': True}]",0,[],Darbar hall,btw Makki Darwaja road and Bada bazaar road,,,
44,e-0-551ec5e0498e4993bd274d17-44,0,"[{'summary': 'This spot is popular', 'type': 'general', 'reasonName': 'globalInteractionReason'}]",551ec5e0498e4993bd274d17,Stone Waters Kitchen,17.4238674737812,78.41291756105024,"[{'label': 'display', 'lat': 17.4238674737812, 'lng': 78.41291756105024}]",6434,IN,Hyderabad,Telangana,India,"['Hyderabad', 'Telangana', 'India']","[{'id': '4bf58dd8d48988d1c4941735', 'name': 'Restaurant', 'pluralName': 'Restaurants', 'shortName': 'Restaurant', 'icon': {'prefix': 'https://ss3.4sqi.net/img/categories_v2/food/default_', 'suffix': '.png'}, 'primary': True}]",0,[],,,,,
45,e-0-4f9e9e77e4b0739758a7af68-45,0,"[{'summary': 'This spot is popular', 'type': 'general', 'reasonName': 'globalInteractionReason'}]",4f9e9e77e4b0739758a7af68,N Asian,17.42884008623762,78.40979271610152,"[{'label': 'display', 'lat': 17.42884008623762, 'lng': 78.40979271610152}]",7038,IN,Hydeabad,Andhra Pradesh,India,"['Road #36 (Jubilee Hills)', 'Hydeabad', 'Andhra Pradesh', 'India']","[{'id': '52e81612bcbc57f1066b79f1', 'name': 'Bistro', 'pluralName': 'Bistros', 'shortName': 'Bistro', 'icon': {'prefix': 'https://ss3.4sqi.net/img/categories_v2/food/default_', 'suffix': '.png'}, 'primary': True}]",0,[],Road #36,Jubilee Hills,,,
46,e-0-4e735a87ae6050af79d6a44f-46,0,"[{'summary': 'This spot is popular', 'type': 'general', 'reasonName': 'globalInteractionReason'}]",4e735a87ae6050af79d6a44f,Gokul Chat,17.397860357476226,78.4927004505888,"[{'label': 'display', 'lat': 17.397860357476226, 'lng': 78.4927004505888}]",3509,IN,Hyderabad,Telangana,India,"['Narayanguda', 'Hyderabad', 'Telangana', 'India']","[{'id': '4bf58dd8d48988d1c7941735', 'name': 'Snack Place', 'pluralName': 'Snack Places', 'shortName': 'Snacks', 'icon': {'prefix': 'https://ss3.4sqi.net/img/categories_v2/food/snacks_', 'suffix': '.png'}, 'primary': True}]",0,[],,Narayanguda,,,
47,e-0-4ce690beb9975481a0faf044-47,0,"[{'summary': 'This spot is popular', 'type': 'general', 'reasonName': 'globalInteractionReason'}]",4ce690beb9975481a0faf044,Chutneys,17.44338406705275,78.47993858826702,"[{'label': 'display', 'lat': 17.44338406705275, 'lng': 78.47993858826702}]",6399,IN,Secunderabad,Telangana,India,"['Sardar Patel Road (Adjacent to FedEx Centre)', 'Secunderabad', 'Telangana', 'India']","[{'id': '4bf58dd8d48988d10f941735', 'name': 'Indian Restaurant', 'pluralName': 'Indian Restaurants', 'shortName': 'Indian', 'icon': {'prefix': 'https://ss3.4sqi.net/img/categories_v2/food/indian_', 'suffix': '.png'}, 'primary': True}]",0,[],Sardar Patel Road,Adjacent to FedEx Centre,,,
48,e-0-51f7e73d498e288064fff946-48,0,"[{'summary': 'This spot is popular', 'type': 'general', 'reasonName': 'globalInteractionReason'}]",51f7e73d498e288064fff946,Olive Bistro,17.429561619676313,78.39265989389024,"[{'label': 'display', 'lat': 17.429561619676313, 'lng': 78.39265989389024}]",8567,IN,Hyderabad,Telangana,India,"['Jubilee Hills (Rd No 46)', 'Hyderabad 500033', 'Telangana', 'India']","[{'id': '4bf58dd8d48988d115941735', 'name': 'Middle Eastern Restaurant', 'pluralName': 'Middle Eastern Restaurants', 'shortName': 'Middle Eastern', 'icon': {'prefix': 'https://ss3.4sqi.net/img/categories_v2/food/middleeastern_', 'suffix': '.png'}, 'primary': True}]",0,[],Jubilee Hills,Rd No 46,500033,,
49,e-0-4d576e9392326ea827405cc0-49,0,"[{'summary': 'This spot is popular', 'type': 'general', 'reasonName': 'globalInteractionReason'}]",4d576e9392326ea827405cc0,Chutneys,17.429835312610177,78.40965703631076,"[{'label': 'display', 'lat': 17.429835312610177, 'lng': 78.40965703631076}]",7120,IN,Hyderabad,500033,India,"['Jubilee Hills (Rd No 36)', 'Hyderabad', '500033', 'India']","[{'id': '4bf58dd8d48988d10f941735', 'name': 'Indian Restaurant', 'pluralName': 'Indian Restaurants', 'shortName': 'Indian', 'icon': {'prefix': 'https://ss3.4sqi.net/img/categories_v2/food/indian_', 'suffix': '.png'}, 'primary': True}]",0,[],Jubilee Hills,Rd No 36,,,
50,e-0-4e1d712415207c4cbec540bd-50,0,"[{'summary': 'This spot is popular', 'type': 'general', 'reasonName': 'globalInteractionReason'}]",4e1d712415207c4cbec540bd,Charminar,17.361554582179913,78.4746766090393,"[{'label': 'display', 'lat': 17.361554582179913, 'lng': 78.4746766090393}]",3358,IN,Hyderabad,Telangana,India,"['Old City', 'Hyderabad 500002', 'Telangana', 'India']","[{'id': '4bf58dd8d48988d12d941735', 'name': 'Monument / Landmark', 'pluralName': 'Monuments / Landmarks', 'shortName': 'Landmark', 'icon': {'prefix': 'https://ss3.4sqi.net/img/categories_v2/building/government_monument_', 'suffix': '.png'}, 'primary': True}]",0,[],Old City,,500002,,
51,e-0-4d401a6dde17a093daedf46b-51,0,"[{'summary': 'This spot is popular', 'type': 'general', 'reasonName': 'globalInteractionReason'}]",4d401a6dde17a093daedf46b,Gokul Chat Center,17.384716084990487,78.48315238952637,"[{'label': 'display', 'lat': 17.384716084990487, 'lng': 78.48315238952637}]",2389,IN,Hyderabad,Telangana,India,"[""4-5-158/4, Women's College Road, KOTI (Women's College Road)"", 'Hyderabad 500001', 'Telangana', 'India']","[{'id': '54135bf5e4b08f3d2429dfe2', 'name': 'Chaat Place', 'pluralName': 'Chaat Places', 'shortName': 'Chaat', 'icon': {'prefix': 'https://ss3.4sqi.net/img/categories_v2/food/default_', 'suffix': '.png'}, 'primary': True}]",0,[],"4-5-158/4, Women's College Road, KOTI",Women's College Road,500001,,
52,e-0-4c3828fbdfb0e21ea52eaea8-52,0,"[{'summary': 'This spot is popular', 'type': 'general', 'reasonName': 'globalInteractionReason'}]",4c3828fbdfb0e21ea52eaea8,Harley Davidson,17.42513320197841,78.43331370485603,"[{'label': 'display', 'lat': 17.42513320197841, 'lng': 78.43331370485603}]",5006,IN,Hyderabad,Telangana,India,"['Road No.2 (Banjara Hills)', 'Hyderabad', 'Telangana', 'India']","[{'id': '5032833091d4c4b30a586d60', 'name': 'Motorcycle Shop', 'pluralName': 'Motorcycle Shops', 'shortName': 'Motorcycle Shop', 'icon': {'prefix': 'https://ss3.4sqi.net/img/categories_v2/shops/motorcycle_', 'suffix': '.png'}, 'primary': True}]",0,[],Road No.2,Banjara Hills,,,
53,e-0-4d41962dc5eaa1cda14cac50-53,0,"[{'summary': 'This spot is popular', 'type': 'general', 'reasonName': 'globalInteractionReason'}]",4d41962dc5eaa1cda14cac50,Poorna Tiffin Center,17.43325368515647,78.4261907195188,"[{'label': 'display', 'lat': 17.43325368515647, 'lng': 78.4261907195188}]",6182,IN,Hyderabad,Telangana,India,"['Krishna Nagar Main Rd, Krishna Nagar', 'Hyderabad', 'Telangana', 'India']","[{'id': '4bf58dd8d48988d143941735', 'name': 'Breakfast Spot', 'pluralName': 'Breakfast Spots', 'shortName': 'Breakfast', 'icon': {'prefix': 'https://ss3.4sqi.net/img/categories_v2/food/breakfast_', 'suffix': '.png'}, 'primary': True}]",0,[],"Krishna Nagar Main Rd, Krishna Nagar",,,,
54,e-0-4c81163ad92ea093375a3d72-54,0,"[{'summary': 'This spot is popular', 'type': 'general', 'reasonName': 'globalInteractionReason'}]",4c81163ad92ea093375a3d72,Shah Ghouse Cafe and Restaurant,17.3962770409263,78.42509351818353,"[{'label': 'display', 'lat': 17.3962770409263, 'lng': 78.42509351818353}]",3911,IN,Hyderabad,Telangana,India,"['Toli Chowli (M)', 'Hyderabad 500058', 'Telangana', 'India']","[{'id': '4bf58dd8d48988d10f941735', 'name': 'Indian Restaurant', 'pluralName': 'Indian Restaurants', 'shortName': 'Indian', 'icon': {'prefix': 'https://ss3.4sqi.net/img/categories_v2/food/indian_', 'suffix': '.png'}, 'primary': True}]",0,[],Toli Chowli,M,500058,,
55,e-0-4d54c49916a6b60cb49243f8-55,0,"[{'summary': 'This spot is popular', 'type': 'general', 'reasonName': 'globalInteractionReason'}]",4d54c49916a6b60cb49243f8,Tank Bund,17.409018596636187,78.47739500486313,"[{'label': 'display', 'lat': 17.409018596636187, 'lng': 78.47739500486313}]",2842,IN,Hyderabad,Telangana,India,"['Hyderabad', 'Telangana', 'India']","[{'id': '4bf58dd8d48988d161941735', 'name': 'Lake', 'pluralName': 'Lakes', 'shortName': 'Lake', 'icon': {'prefix': 'https://ss3.4sqi.net/img/categories_v2/parks_outdoors/lake_', 'suffix': '.png'}, 'primary': True}]",0,[],,,,,
56,e-0-50df2d81e4b083ca6f3c12b5-56,0,"[{'summary': 'This spot is popular', 'type': 'general', 'reasonName': 'globalInteractionReason'}]",50df2d81e4b083ca6f3c12b5,Over the Moon,17.43688324535533,78.39837789376705,"[{'label': 'display', 'lat': 17.43688324535533, 'lng': 78.39837789376705}]",8544,IN,Hyderabad,Telangana,India,"['Rooftop, Hotel Daspalla, Jubilee Hills (Rd No 37)', 'Hyderabad', 'Telangana', 'India']","[{'id': '4bf58dd8d48988d121941735', 'name': 'Lounge', 'pluralName': 'Lounges', 'shortName': 'Lounge', 'icon': {'prefix': 'https://ss3.4sqi.net/img/categories_v2/nightlife/default_', 'suffix': '.png'}, 'primary': True}]",0,[],"Rooftop, Hotel Daspalla, Jubilee Hills",Rd No 37,,,
57,e-0-4b72b33bf964a52054842de3-57,0,"[{'summary': 'This spot is popular', 'type': 'general', 'reasonName': 'globalInteractionReason'}]",4b72b33bf964a52054842de3,Prasad's IMAX,17.413053540138872,78.46557776173361,"[{'label': 'display', 'lat': 17.413053540138872, 'lng': 78.46557776173361}]",2743,IN,Hyderabad,Telangana,India,"['NTR Gardens, LIC Division P.O., Tank Bund Rd, Hussain Sagar (Khairatabad)', 'Hyderabad 500063', 'Telangana', 'India']","[{'id': '4bf58dd8d48988d180941735', 'name': 'Multiplex', 'pluralName': 'Multiplexes', 'shortName': 'Cineplex', 'icon': {'prefix': 'https://ss3.4sqi.net/img/categories_v2/arts_entertainment/movietheater_', 'suffix': '.png'}, 'primary': True}]",0,[],"NTR Gardens, LIC Division P.O., Tank Bund Rd, Hussain Sagar",Khairatabad,500063,,
58,e-0-4b9cc195f964a520f87936e3-58,0,"[{'summary': 'This spot is popular', 'type': 'general', 'reasonName': 'globalInteractionReason'}]",4b9cc195f964a520f87936e3,Cream Stone Creations,17.43419071980442,78.38682893434203,"[{'label': 'display', 'lat': 17.43419071980442, 'lng': 78.38682893434203}]",9366,IN,Hyderabad,Telangana,India,"['Inorbit Mall (Hitech City, Madhapur,)', 'Hyderabad', 'Telangana', 'India']","[{'id': '4bf58dd8d48988d1c9941735', 'name': 'Ice Cream Shop', 'pluralName': 'Ice Cream Shops', 'shortName': 'Ice Cream', 'icon': {'prefix': 'https://ss3.4sqi.net/img/categories_v2/food/icecream_', 'suffix': '.png'}, 'primary': True}]",0,[],Inorbit Mall,"Hitech City, Madhapur,",,,
59,e-0-4ba0debcf964a520768337e3-59,0,"[{'summary': 'This spot is popular', 'type': 'general', 'reasonName': 'globalInteractionReason'}]",4ba0debcf964a520768337e3,Inorbit Mall,17.433609785371868,78.38620662689209,"[{'label': 'display', 'lat': 17.433609785371868, 'lng': 78.38620662689209}]",9387,IN,Hyderabad,Telangana,India,"['Near Durgam Cheruvu, Vittal Rao Nagar (Hitech City)', 'Hyderabad 500034', 'Telangana', 'India']","[{'id': '4bf58dd8d48988d1fd941735', 'name': 'Shopping Mall', 'pluralName': 'Shopping Malls', 'shortName': 'Mall', 'icon': {'prefix': 'https://ss3.4sqi.net/img/categories_v2/shops/mall_', 'suffix': '.png'}, 'primary': True}]",0,[],"Near Durgam Cheruvu, Vittal Rao Nagar",Hitech City,500034,,
60,e-0-50ab6b0ae4b0ade3441de450-60,0,"[{'summary': 'This spot is popular', 'type': 'general', 'reasonName': 'globalInteractionReason'}]",50ab6b0ae4b0ade3441de450,Dimmy pan palace,17.44008112919533,78.48429328395487,"[{'label': 'display', 'lat': 17.44008112919533, 'lng': 78.48429328395487}]",6220,IN,Hyderabad,Telangana,India,"['sindhi colony (sindhi colony road)', 'Hyderabad 500040', 'Telangana', 'India']","[{'id': '4bf58dd8d48988d16a941735', 'name': 'Bakery', 'pluralName': 'Bakeries', 'shortName': 'Bakery', 'icon': {'prefix': 'https://ss3.4sqi.net/img/categories_v2/food/bakery_', 'suffix': '.png'}, 'primary': True}]",0,[],sindhi colony,sindhi colony road,500040,,
61,e-0-4ccfaeb76449a093d133c6cf-61,0,"[{'summary': 'This spot is popular', 'type': 'general', 'reasonName': 'globalInteractionReason'}]",4ccfaeb76449a093d133c6cf,Almond House,17.401319342486886,78.48587224050527,"[{'label': 'display', 'lat': 17.401319342486886, 'lng': 78.48587224050527}]",2981,IN,Hyderabad,Telangana,India,"['(Chaitanya Muppala) Lingapur Building,Himayath Nagar', 'Hyderabad 500029', 'Telangana', 'India']","[{'id': '4bf58dd8d48988d1d0941735', 'name': 'Dessert Shop', 'pluralName': 'Dessert Shops', 'shortName': 'Desserts', 'icon': {'prefix': 'https://ss3.4sqi.net/img/categories_v2/food/dessert_', 'suffix': '.png'}, 'primary': True}]",0,[],"(Chaitanya Muppala) Lingapur Building,Himayath Nagar",,500029,,
62,e-0-52411e2311d2bf60e0084ef5-62,0,"[{'summary': 'This spot is popular', 'type': 'general', 'reasonName': 'globalInteractionReason'}]",52411e2311d2bf60e0084ef5,Absolute Barbecues (ABs),17.43849792216121,78.39795566970398,"[{'label': 'display', 'lat': 17.43849792216121, 'lng': 78.39795566970398}]",8692,IN,Hyderabad,Telangana,India,"['Road No.36, Madhapur road, Above bajaj electronics Showroom', 'Hyderabad', 'Telangana', 'India']","[{'id': '4bf58dd8d48988d1df931735', 'name': 'BBQ Joint', 'pluralName': 'BBQ Joints', 'shortName': 'BBQ', 'icon': {'prefix': 'https://ss3.4sqi.net/img/categories_v2/food/bbqalt_', 'suffix': '.png'}, 'primary': True}]",0,[],"Road No.36, Madhapur road, Above bajaj electronics Showroom",,,,
63,e-0-4cbc55b27a5d9eb0a05c31e9-63,0,"[{'summary': 'This spot is popular', 'type': 'general', 'reasonName': 'globalInteractionReason'}]",4cbc55b27a5d9eb0a05c31e9,The Westin Hyderabad Mindspace,17.442353871428587,78.3817903621366,"[{'label': 'display', 'lat': 17.442353871428587, 'lng': 78.3817903621366}]",10317,IN,Hyderabad,Telangana,India,"['Raheja It Park, Hitec City, Madhapur', 'Hyderabad 500081', 'Telangana', 'India']","[{'id': '4bf58dd8d48988d1fa931735', 'name': 'Hotel', 'pluralName': 'Hotels', 'shortName': 'Hotel', 'icon': {'prefix': 'https://ss3.4sqi.net/img/categories_v2/travel/hotel_', 'suffix': '.png'}, 'primary': True}]",0,[],"Raheja It Park, Hitec City, Madhapur",,500081,,
64,e-0-4d25d4d0f50aa35d33b6379f-64,0,"[{'summary': 'This spot is popular', 'type': 'general', 'reasonName': 'globalInteractionReason'}]",4d25d4d0f50aa35d33b6379f,Kangan,17.44223372778392,78.38129953740987,"[{'label': 'display', 'lat': 17.44223372778392, 'lng': 78.38129953740987}]",10352,IN,Hyderabad,Telangana,India,"['Westin, Madhapur (Hi Tech City)', 'Hyderabad 500 081', 'Telangana', 'India']","[{'id': '4bf58dd8d48988d10f941735', 'name': 'Indian Restaurant', 'pluralName': 'Indian Restaurants', 'shortName': 'Indian', 'icon': {'prefix': 'https://ss3.4sqi.net/img/categories_v2/food/indian_', 'suffix': '.png'}, 'primary': True}]",0,[],"Westin, Madhapur",Hi Tech City,500 081,,
65,e-0-4bc95d44fb84c9b6d5101b3e-65,0,"[{'summary': 'This spot is popular', 'type': 'general', 'reasonName': 'globalInteractionReason'}]",4bc95d44fb84c9b6d5101b3e,Salar Jung Museum,17.371772876032033,78.48063608872398,"[{'label': 'display', 'lat': 17.371772876032033, 'lng': 78.48063608872398}]",2812,IN,Hyderabad,Telangana,India,"['Hafzalgunj', 'Hyderabad', 'Telangana', 'India']","[{'id': '4bf58dd8d48988d190941735', 'name': 'History Museum', 'pluralName': 'History Museums', 'shortName': 'History Museum', 'icon': {'prefix': 'https://ss3.4sqi.net/img/categories_v2/arts_entertainment/museum_history_', 'suffix': '.png'}, 'primary': True}]",0,[],Hafzalgunj,,,,
66,e-0-515e95b2e4b09c02ea4522b7-66,0,"[{'summary': 'This spot is popular', 'type': 'general', 'reasonName': 'globalInteractionReason'}]",515e95b2e4b09c02ea4522b7,Trident,17.44941554032092,78.37874222070519,"[{'label': 'display', 'lat': 17.44941554032092, 'lng': 78.37874222070519}]",11045,IN,Hyderabad,Telangana,India,"['Hitech City Main Road (Next To Shilparamam)', 'Hyderabad 500081', 'Telangana', 'India']","[{'id': '4bf58dd8d48988d1fa931735', 'name': 'Hotel', 'pluralName': 'Hotels', 'shortName': 'Hotel', 'icon': {'prefix': 'https://ss3.4sqi.net/img/categories_v2/travel/hotel_', 'suffix': '.png'}, 'primary': True}]",0,[],Hitech City Main Road,Next To Shilparamam,500081,,
67,e-0-4c4269da520fa593d043cbac-67,0,"[{'summary': 'This spot is popular', 'type': 'general', 'reasonName': 'globalInteractionReason'}]",4c4269da520fa593d043cbac,Nehru Zoological Park,17.35077780460011,78.45139601336027,"[{'label': 'display', 'lat': 17.35077780460011, 'lng': 78.45139601336027}]",4353,IN,Hyderabad,Telangana,India,"['Zoo Park Main Rd, Charminar', 'Hyderabad', 'Telangana', 'India']","[{'id': '4bf58dd8d48988d17b941735', 'name': 'Zoo', 'pluralName': 'Zoos', 'shortName': 'Zoo', 'icon': {'prefix': 'https://ss3.4sqi.net/img/categories_v2/arts_entertainment/zoo_', 'suffix': '.png'}, 'primary': True}]",0,[],"Zoo Park Main Rd, Charminar",,,,
68,e-0-4c9485c90341370495d872ef-68,0,"[{'summary': 'This spot is popular', 'type': 'general', 'reasonName': 'globalInteractionReason'}]",4c9485c90341370495d872ef,Sudharshan Theatre 35mm,17.406529633678563,78.49515002099652,"[{'label': 'display', 'lat': 17.406529633678563, 'lng': 78.49515002099652}]",4124,IN,Hyderabad,Telangana,India,"['RTC X ROAD', 'Hyderabad 500020', 'Telangana', 'India']","[{'id': '4bf58dd8d48988d17f941735', 'name': 'Movie Theater', 'pluralName': 'Movie Theaters', 'shortName': 'Movie Theater', 'icon': {'prefix': 'https://ss3.4sqi.net/img/categories_v2/arts_entertainment/movietheater_', 'suffix': '.png'}, 'primary': True}]",0,[],RTC X ROAD,,500020,,
69,e-0-4e4d3c5b52b1075a6394d7cd-69,0,"[{'summary': 'This spot is popular', 'type': 'general', 'reasonName': 'globalInteractionReason'}]",4e4d3c5b52b1075a6394d7cd,Hotel Sohail,17.37282922779118,78.49929806426952,"[{'label': 'display', 'lat': 17.37282922779118, 'lng': 78.49929806426952}]",4433,IN,Malakpet,,India,"['Malakpet', 'India']","[{'id': '4bf58dd8d48988d10f941735', 'name': 'Indian Restaurant', 'pluralName': 'Indian Restaurants', 'shortName': 'Indian', 'icon': {'prefix': 'https://ss3.4sqi.net/img/categories_v2/food/indian_', 'suffix': '.png'}, 'primary': True}]",0,[],,,,,
70,e-0-523ef1ee498e4da1274d2637-70,0,"[{'summary': 'This spot is popular', 'type': 'general', 'reasonName': 'globalInteractionReason'}]",523ef1ee498e4da1274d2637,Karachi Bakery,17.445310288369598,78.3858546089216,"[{'label': 'display', 'lat': 17.445310288369598, 'lng': 78.3858546089216}]",10168,IN,Hyderabad,Telangana,India,"['Madhapur', 'Hyderabad', 'Telangana', 'India']","[{'id': '4bf58dd8d48988d16a941735', 'name': 'Bakery', 'pluralName': 'Bakeries', 'shortName': 'Bakery', 'icon': {'prefix': 'https://ss3.4sqi.net/img/categories_v2/food/bakery_', 'suffix': '.png'}, 'primary': True}]",0,[],Madhapur,,,,
71,e-0-4e32d949483bf02b1f8e0014-71,0,"[{'summary': 'This spot is popular', 'type': 'general', 'reasonName': 'globalInteractionReason'}]",4e32d949483bf02b1f8e0014,Blue Fox,17.40140091064456,78.48565251505636,"[{'label': 'display', 'lat': 17.40140091064456, 'lng': 78.48565251505636}]",2965,IN,Hyderabad,Telangana,India,"['Himaythnagar (Main Rd)', 'Hyderabad', 'Telangana', 'India']","[{'id': '4bf58dd8d48988d10f941735', 'name': 'Indian Restaurant', 'pluralName': 'Indian Restaurants', 'shortName': 'Indian', 'icon': {'prefix': 'https://ss3.4sqi.net/img/categories_v2/food/indian_', 'suffix': '.png'}, 'primary': True}]",0,[],Himaythnagar,Main Rd,,,
72,e-0-4f492285e4b052593b093a5f-72,0,"[{'summary': 'This spot is popular', 'type': 'general', 'reasonName': 'globalInteractionReason'}]",4f492285e4b052593b093a5f,Jade Terrace,17.330541924857116,78.46751017322111,"[{'label': 'display', 'lat': 17.330541924857116, 'lng': 78.46751017322111}]",6519,IN,Hyderabad,Telangana,India,"['Taj Falaknuma Palace (Falaknuma)', 'Hyderabad 500053', 'Telangana', 'India']","[{'id': '4bf58dd8d48988d143941735', 'name': 'Breakfast Spot', 'pluralName': 'Breakfast Spots', 'shortName': 'Breakfast', 'icon': {'prefix': 'https://ss3.4sqi.net/img/categories_v2/food/breakfast_', 'suffix': '.png'}, 'primary': True}]",0,[],Taj Falaknuma Palace,Falaknuma,500053,,
73,e-0-4e3d6c54aeb73139a17867a4-73,0,"[{'summary': 'This spot is popular', 'type': 'general', 'reasonName': 'globalInteractionReason'}]",4e3d6c54aeb73139a17867a4,Mings Court,17.40487190585861,78.4765625180688,"[{'label': 'display', 'lat': 17.40487190585861, 'lng': 78.4765625180688}]",2432,IN,Hyderabad,Telangana,India,"['Ohris Basheerbagh (Opposite Lady Hydri Club)', 'Hyderabad 500001', 'Telangana', 'India']","[{'id': '4bf58dd8d48988d145941735', 'name': 'Chinese Restaurant', 'pluralName': 'Chinese Restaurants', 'shortName': 'Chinese', 'icon': {'prefix': 'https://ss3.4sqi.net/img/categories_v2/food/asian_', 'suffix': '.png'}, 'primary': True}]",0,[],Ohris Basheerbagh,Opposite Lady Hydri Club,500001,,
74,e-0-56e18d05498e7b9a3ac1d2c2-74,0,"[{'summary': 'This spot is popular', 'type': 'general', 'reasonName': 'globalInteractionReason'}]",56e18d05498e7b9a3ac1d2c2,Naturals IceCream,17.43865930357311,78.39920911861168,"[{'label': 'display', 'lat': 17.43865930357311, 'lng': 78.39920911861168}]",8601,IN,,,India,"['Jubilee Hills', 'India']","[{'id': '4bf58dd8d48988d1c9941735', 'name': 'Ice Cream Shop', 'pluralName': 'Ice Cream Shops', 'shortName': 'Ice Cream', 'icon': {'prefix': 'https://ss3.4sqi.net/img/categories_v2/food/icecream_', 'suffix': '.png'}, 'primary': True}]",0,[],Jubilee Hills,,,,
75,e-0-4bcee9d1cc8cd13a5efdc4cf-75,0,"[{'summary': 'This spot is popular', 'type': 'general', 'reasonName': 'globalInteractionReason'}]",4bcee9d1cc8cd13a5efdc4cf,Paradise Restaurant,17.44184420016073,78.48735433030141,"[{'label': 'display', 'lat': 17.44184420016073, 'lng': 78.48735433030141}]",6533,IN,Secunderabad,Telangana,India,"['Paradise Circle', 'Secunderabad 500003', 'Telangana', 'India']","[{'id': '54135bf5e4b08f3d2429dfe6', 'name': 'Hyderabadi Restaurant', 'pluralName': 'Hyderabadi Restaurants', 'shortName': 'Hyderabadi', 'icon': {'prefix': 'https://ss3.4sqi.net/img/categories_v2/food/default_', 'suffix': '.png'}, 'primary': True}]",0,[],Paradise Circle,,500003,,
76,e-0-53e1e06a498e0be16f28aa00-76,0,"[{'summary': 'This spot is popular', 'type': 'general', 'reasonName': 'globalInteractionReason'}]",53e1e06a498e0be16f28aa00,Sweet Basket,17.433842419566925,78.36908947678856,"[{'label': 'display', 'lat': 17.433842419566925, 'lng': 78.36908947678856}]",10981,IN,,,India,['India'],"[{'id': '4bf58dd8d48988d1d0941735', 'name': 'Dessert Shop', 'pluralName': 'Dessert Shops', 'shortName': 'Desserts', 'icon': {'prefix': 'https://ss3.4sqi.net/img/categories_v2/food/dessert_', 'suffix': '.png'}, 'primary': True}]",0,[],,,,,
77,e-0-54be0276498e5ac87c55da87-77,0,"[{'summary': 'This spot is popular', 'type': 'general', 'reasonName': 'globalInteractionReason'}]",54be0276498e5ac87c55da87,Absolute Barbecues,17.442922267637446,78.35730200547428,"[{'label': 'display', 'lat': 17.442922267637446, 'lng': 78.35730200547428}]",12561,IN,Hyderabad,Telangana,India,"['2nd Floor, Aparupa Silpi (Indira Nagar)', 'Hyderabad 500032', 'Telangana', 'India']","[{'id': '4bf58dd8d48988d1df931735', 'name': 'BBQ Joint', 'pluralName': 'BBQ Joints', 'shortName': 'BBQ', 'icon': {'prefix': 'https://ss3.4sqi.net/img/categories_v2/food/bbqalt_', 'suffix': '.png'}, 'primary': True}]",0,[],"2nd Floor, Aparupa Silpi",Indira Nagar,500032,,"Gachibowli, Hyderabad, Telangana"
78,e-0-4bd793f7304fce72d2b833ab-78,0,"[{'summary': 'This spot is popular', 'type': 'general', 'reasonName': 'globalInteractionReason'}]",4bd793f7304fce72d2b833ab,Taj Tristar,17.44124462067102,78.49329629411953,"[{'label': 'display', 'lat': 17.44124462067102, 'lng': 78.49329629411953}]",6769,IN,Secunderabad,Telangana,India,"['1-1-40 Sarojini Devi Road (Opp CMR,)', 'Secunderabad', 'Telangana', 'India']","[{'id': '4bf58dd8d48988d1d3941735', 'name': 'Vegetarian / Vegan Restaurant', 'pluralName': 'Vegetarian / Vegan Restaurants', 'shortName': 'Vegetarian / Vegan', 'icon': {'prefix': 'https://ss3.4sqi.net/img/categories_v2/food/vegetarian_', 'suffix': '.png'}, 'primary': True}]",0,[],1-1-40 Sarojini Devi Road,"Opp CMR,",,,
79,e-0-55980b94498ef5a26d8ade9c-79,0,"[{'summary': 'This spot is popular', 'type': 'general', 'reasonName': 'globalInteractionReason'}]",55980b94498ef5a26d8ade9c,Heart Cup Coffee,17.45979413402726,78.3686080183946,"[{'label': 'display', 'lat': 17.45979413402726, 'lng': 78.3686080183946}]",12606,IN,Hyderabad,Telangana,India,"['B 7 & 8, Jubilee Garden, E Park', 'Hyderabad 500084', 'Telangana', 'India']","[{'id': '4bf58dd8d48988d11f941735', 'name': 'Nightclub', 'pluralName': 'Nightclubs', 'shortName': 'Nightclub', 'icon': {'prefix': 'https://ss3.4sqi.net/img/categories_v2/nightlife/nightclub_', 'suffix': '.png'}, 'primary': True}]",0,[],"B 7 & 8, Jubilee Garden, E Park",,500084,,Kondapur
80,e-0-53661e26498e7fb0e441328b-80,0,"[{'summary': 'This spot is popular', 'type': 'general', 'reasonName': 'globalInteractionReason'}]",53661e26498e7fb0e441328b,McDonald's,17.44149781635044,78.49130789138479,"[{'label': 'display', 'lat': 17.44149781635044, 'lng': 78.49130789138479}]",6689,IN,,,India,['India'],"[{'id': '4bf58dd8d48988d16e941735', 'name': 'Fast Food Restaurant', 'pluralName': 'Fast Food Restaurants', 'shortName': 'Fast Food', 'icon': {'prefix': 'https://ss3.4sqi.net/img/categories_v2/food/fastfood_', 'suffix': '.png'}, 'primary': True}]",0,[],,,,,
81,e-0-55159806498e237bfc68c7f1-81,0,"[{'summary': 'This spot is popular', 'type': 'general', 'reasonName': 'globalInteractionReason'}]",55159806498e237bfc68c7f1,Firewater,17.448181138466044,78.37874361388971,"[{'label': 'display', 'lat': 17.448181138466044, 'lng': 78.37874361388971}]",10962,IN,,,India,['India'],"[{'id': '4bf58dd8d48988d1c4941735', 'name': 'Restaurant', 'pluralName': 'Restaurants', 'shortName': 'Restaurant', 'icon': {'prefix': 'https://ss3.4sqi.net/img/categories_v2/food/default_', 'suffix': '.png'}, 'primary': True}]",0,[],,,,,
82,e-0-4c98d6d86ffe8cfa74880030-82,0,"[{'summary': 'This spot is popular', 'type': 'general', 'reasonName': 'globalInteractionReason'}]",4c98d6d86ffe8cfa74880030,Chin Ling Chinese Restaurant,17.44096929346275,78.50349783617598,"[{'label': 'display', 'lat': 17.44096929346275, 'lng': 78.50349783617598}]",7352,IN,Hyderabad,Telangana,India,"['Sarojini Devi Road (Opp St Anns)', 'Hyderabad', 'Telangana', 'India']","[{'id': '4bf58dd8d48988d145941735', 'name': 'Chinese Restaurant', 'pluralName': 'Chinese Restaurants', 'shortName': 'Chinese', 'icon': {'prefix': 'https://ss3.4sqi.net/img/categories_v2/food/asian_', 'suffix': '.png'}, 'primary': True}]",0,[],Sarojini Devi Road,Opp St Anns,,,
83,e-0-4c8f617858668cfa1663d9ec-83,0,"[{'summary': 'This spot is popular', 'type': 'general', 'reasonName': 'globalInteractionReason'}]",4c8f617858668cfa1663d9ec,Dadu's Mithai Vatika,17.441495115944893,78.4878372271831,"[{'label': 'display', 'lat': 17.441495115944893, 'lng': 78.4878372271831}]",6520,IN,Secunderabad,Telangana,India,"['6 Jade Archade, Mahatma Gandhi Road, P & T Colony, Kalasiguda', 'Secunderabad 500003', 'Telangana', 'India']","[{'id': '54135bf5e4b08f3d2429dfe4', 'name': 'Indian Sweet Shop', 'pluralName': 'Indian Sweet Shops', 'shortName': 'Indian Sweets', 'icon': {'prefix': 'https://ss3.4sqi.net/img/categories_v2/food/default_', 'suffix': '.png'}, 'primary': True}]",0,[],"6 Jade Archade, Mahatma Gandhi Road, P & T Colony, Kalasiguda",,500003,,
84,e-0-4cdff998f8a4a143e59ee1bc-84,0,"[{'summary': 'This spot is popular', 'type': 'general', 'reasonName': 'globalInteractionReason'}]",4cdff998f8a4a143e59ee1bc,Pizza Den,17.44075847619752,78.48671832238533,"[{'label': 'display', 'lat': 17.44075847619752, 'lng': 78.48671832238533}]",6395,IN,Secunderabad,Telangana,India,"['Penderghast Road (Opposite Wesley High School)', 'Secunderabad', 'Telangana', 'India']","[{'id': '4bf58dd8d48988d1ca941735', 'name': 'Pizza Place', 'pluralName': 'Pizza Places', 'shortName': 'Pizza', 'icon': {'prefix': 'https://ss3.4sqi.net/img/categories_v2/food/pizza_', 'suffix': '.png'}, 'primary': True}]",0,[],Penderghast Road,Opposite Wesley High School,,,
85,e-0-4f6965fce4b0cb407476eaa1-85,0,"[{'summary': 'This spot is popular', 'type': 'general', 'reasonName': 'globalInteractionReason'}]",4f6965fce4b0cb407476eaa1,Avasa Hotel,17.44714419968862,78.3839754979368,"[{'label': 'display', 'lat': 17.44714419968862, 'lng': 78.3839754979368}]",10452,IN,Hyderabad,Telangana,India,"['Plot no. 15, 24-26, Survey No. 64 Sector-I, Huda Techno Enclave (Hitec City)', 'Hyderabad 500081', 'Telangana', 'India']","[{'id': '4bf58dd8d48988d1fa931735', 'name': 'Hotel', 'pluralName': 'Hotels', 'shortName': 'Hotel', 'icon': {'prefix': 'https://ss3.4sqi.net/img/categories_v2/travel/hotel_', 'suffix': '.png'}, 'primary': True}]",0,[],"Plot no. 15, 24-26, Survey No. 64 Sector-I, Huda Techno Enclave",Hitec City,500081,,
86,e-0-4dbae0b34df044e524bb9faa-86,0,"[{'summary': 'This spot is popular', 'type': 'general', 'reasonName': 'globalInteractionReason'}]",4dbae0b34df044e524bb9faa,Bajrang Pan Shop,17.40227863319409,78.477164957759,"[{'label': 'display', 'lat': 17.40227863319409, 'lng': 78.477164957759}]",2276,IN,Hyderabad,Telangana,India,"['Hyderabad', 'Telangana', 'India']","[{'id': '4bf58dd8d48988d123951735', 'name': 'Smoke Shop', 'pluralName': 'Smoke Shops', 'shortName': 'Smoke Shop', 'icon': {'prefix': 'https://ss3.4sqi.net/img/categories_v2/shops/tobacco_', 'suffix': '.png'}, 'primary': True}]",0,[],,,,,
87,e-0-4d05a093dc45a093b04bf0c6-87,0,"[{'summary': 'This spot is popular', 'type': 'general', 'reasonName': 'globalInteractionReason'}]",4d05a093dc45a093b04bf0c6,Rahul tiffins & fast food centre,17.403184566991623,78.48006955393609,"[{'label': 'display', 'lat': 17.403184566991623, 'lng': 78.48006955393609}]",2577,IN,Hyderabad,Telangana,India,"['Sno - 3-6-20/12/13, tirumala apartments , himayath', 'Hyderabad', 'Telangana', 'India']","[{'id': '4bf58dd8d48988d143941735', 'name': 'Breakfast Spot', 'pluralName': 'Breakfast Spots', 'shortName': 'Breakfast', 'icon': {'prefix': 'https://ss3.4sqi.net/img/categories_v2/food/breakfast_', 'suffix': '.png'}, 'primary': True}]",0,[],"Sno - 3-6-20/12/13, tirumala apartments , himayath",,,,
88,e-0-50d70367e4b0b7ab839b18d0-88,0,"[{'summary': 'This spot is popular', 'type': 'general', 'reasonName': 'globalInteractionReason'}]",50d70367e4b0b7ab839b18d0,Sky Bar,17.447290744516415,78.38396639143828,"[{'label': 'display', 'lat': 17.447290744516415, 'lng': 78.38396639143828}]",10462,IN,Hyderabad,Telangana,India,"['Hotel Avasa Plot# 15,2425 & 26,', 'Hyderabad 500081', 'Telangana', 'India']","[{'id': '4bf58dd8d48988d155941735', 'name': 'Gastropub', 'pluralName': 'Gastropubs', 'shortName': 'Gastropub', 'icon': {'prefix': 'https://ss3.4sqi.net/img/categories_v2/food/gastropub_', 'suffix': '.png'}, 'primary': True}]",0,[],"Hotel Avasa Plot# 15,2425 & 26,",,500081,,
89,e-0-541193bb498e516757fdf7fa-89,0,"[{'summary': 'This spot is popular', 'type': 'general', 'reasonName': 'globalInteractionReason'}]",541193bb498e516757fdf7fa,The Forum Sujana Mall,17.484023845989462,78.38951586383997,"[{'label': 'display', 'lat': 17.484023845989462, 'lng': 78.38951586383997}]",13043,IN,Hyderabad,Telangana,India,"['Plot No. S-16, Survey No. 1009, K P H B Phase 6, Kukatpally,', 'Hyderabad 500072', 'Telangana', 'India']","[{'id': '4bf58dd8d48988d1fd941735', 'name': 'Shopping Mall', 'pluralName': 'Shopping Malls', 'shortName': 'Mall', 'icon': {'prefix': 'https://ss3.4sqi.net/img/categories_v2/shops/mall_', 'suffix': '.png'}, 'primary': True}]",0,[],"Plot No. S-16, Survey No. 1009, K P H B Phase 6, Kukatpally,",,500072,,KPHB Colony
90,e-0-521dc53f11d2e4a985bf89e4-90,0,"[{'summary': 'This spot is popular', 'type': 'general', 'reasonName': 'globalInteractionReason'}]",521dc53f11d2e4a985bf89e4,Asian Shiva ganga,17.361122238486274,78.52321512540667,"[{'label': 'display', 'lat': 17.361122238486274, 'lng': 78.52321512540667}]",7285,IN,Hyderabad,Telangana,India,"['Survey No.102, Near City Bus Stop, Kalyan Nagar, Dilsukhnagar', 'Hyderabad 500060', 'Telangana', 'India']","[{'id': '4bf58dd8d48988d180941735', 'name': 'Multiplex', 'pluralName': 'Multiplexes', 'shortName': 'Cineplex', 'icon': {'prefix': 'https://ss3.4sqi.net/img/categories_v2/arts_entertainment/movietheater_', 'suffix': '.png'}, 'primary': True}]",0,[],"Survey No.102, Near City Bus Stop, Kalyan Nagar, Dilsukhnagar",,500060,,Dilsukhnagar
91,e-0-4f2259f9e4b05160acc7daee-91,0,"[{'summary': 'This spot is popular', 'type': 'general', 'reasonName': 'globalInteractionReason'}]",4f2259f9e4b05160acc7daee,Reshmi's Classic Restaurant,17.442356689880704,78.49034788791927,"[{'label': 'display', 'lat': 17.442356689880704, 'lng': 78.49034788791927}]",6725,IN,Secunderabad,Telangana,India,"['108/A, 1-7-395 (Park Lane, Paradise Circle)', 'Secunderabad', 'Telangana', 'India']","[{'id': '4bf58dd8d48988d10f941735', 'name': 'Indian Restaurant', 'pluralName': 'Indian Restaurants', 'shortName': 'Indian', 'icon': {'prefix': 'https://ss3.4sqi.net/img/categories_v2/food/indian_', 'suffix': '.png'}, 'primary': True}]",0,[],"108/A, 1-7-395","Park Lane, Paradise Circle",,,
92,e-0-55e9d8dc498e8a5c51f30331-92,0,"[{'summary': 'This spot is popular', 'type': 'general', 'reasonName': 'globalInteractionReason'}]",55e9d8dc498e8a5c51f30331,Cinepolis CCPL,17.45728215392065,78.53682348691787,"[{'label': 'display', 'lat': 17.45728215392065, 'lng': 78.53682348691787}]",11085,IN,Hyderabad,Telangana,India,"['Malkajgiri', 'Hyderabad', 'Telangana', 'India']","[{'id': '4bf58dd8d48988d180941735', 'name': 'Multiplex', 'pluralName': 'Multiplexes', 'shortName': 'Cineplex', 'icon': {'prefix': 'https://ss3.4sqi.net/img/categories_v2/arts_entertainment/movietheater_', 'suffix': '.png'}, 'primary': True}]",0,[],Malkajgiri,,,,
93,e-0-4c1f7229b306c928046b68b7-93,0,"[{'summary': 'This spot is popular', 'type': 'general', 'reasonName': 'globalInteractionReason'}]",4c1f7229b306c928046b68b7,Fifth Avenue Bakers,17.487673346331192,78.54279287522861,"[{'label': 'display', 'lat': 17.487673346331192, 'lng': 78.54279287522861}]",14018,IN,,Andhra Pradesh,India,"['Sainikpuri', 'Andhra Pradesh', 'India']","[{'id': '4bf58dd8d48988d16a941735', 'name': 'Bakery', 'pluralName': 'Bakeries', 'shortName': 'Bakery', 'icon': {'prefix': 'https://ss3.4sqi.net/img/categories_v2/food/bakery_', 'suffix': '.png'}, 'primary': True}]",0,[],Sainikpuri,,,,
94,e-0-4ce9450cf1c6236abf8b64f0-94,0,"[{'summary': 'This spot is popular', 'type': 'general', 'reasonName': 'globalInteractionReason'}]",4ce9450cf1c6236abf8b64f0,Kamat Hotel,17.44071843702911,78.4970804111213,"[{'label': 'display', 'lat': 17.44071843702911, 'lng': 78.4970804111213}]",6932,IN,,Andhra Pradesh,India,"['Andhra Pradesh', 'India']","[{'id': '4bf58dd8d48988d10f941735', 'name': 'Indian Restaurant', 'pluralName': 'Indian Restaurants', 'shortName': 'Indian', 'icon': {'prefix': 'https://ss3.4sqi.net/img/categories_v2/food/indian_', 'suffix': '.png'}, 'primary': True}]",0,[],,,,,
95,e-0-4bc763906501c9b612563e29-95,0,"[{'summary': 'This spot is popular', 'type': 'general', 'reasonName': 'globalInteractionReason'}]",4bc763906501c9b612563e29,Talwalkars,17.443108320637883,78.50717690782656,"[{'label': 'display', 'lat': 17.443108320637883, 'lng': 78.50717690782656}]",7781,IN,Secunderabad,Telangana,India,"['25/B/B, Srila Heights, St Johns Road, (East Marredpally)', 'Secunderabad India', 'Telangana', 'India']","[{'id': '4bf58dd8d48988d176941735', 'name': 'Gym', 'pluralName': 'Gyms', 'shortName': 'Gym', 'icon': {'prefix': 'https://ss3.4sqi.net/img/categories_v2/building/gym_', 'suffix': '.png'}, 'primary': True}]",0,[],"25/B/B, Srila Heights, St Johns Road,",East Marredpally,India,,
96,e-0-57b60e51498e5f6a7af5dac7-96,0,"[{'summary': 'This spot is popular', 'type': 'general', 'reasonName': 'globalInteractionReason'}]",57b60e51498e5f6a7af5dac7,DRIVEN CAFE,17.422014480942593,78.33835141925407,"[{'label': 'display', 'lat': 17.422014480942593, 'lng': 78.33835141925407}]",13549,IN,Hyderabad,Telangana,India,"['Hyderabad', 'Telangana', 'India']","[{'id': '4bf58dd8d48988d1e0931735', 'name': 'Coffee Shop', 'pluralName': 'Coffee Shops', 'shortName': 'Coffee Shop', 'icon': {'prefix': 'https://ss3.4sqi.net/img/categories_v2/food/coffeeshop_', 'suffix': '.png'}, 'primary': True}]",0,[],,,,,
97,e-0-4fe493bbe4b06f68c3eda69a-97,0,"[{'summary': 'This spot is popular', 'type': 'general', 'reasonName': 'globalInteractionReason'}]",4fe493bbe4b06f68c3eda69a,friends corner,17.456899402827265,78.50843434632971,"[{'label': 'display', 'lat': 17.456899402827265, 'lng': 78.50843434632971}]",9099,IN,Secunderabad,Telangana,India,"['west marredpally', 'Secunderabad', 'Telangana', 'India']","[{'id': '4bf58dd8d48988d1c7941735', 'name': 'Snack Place', 'pluralName': 'Snack Places', 'shortName': 'Snacks', 'icon': {'prefix': 'https://ss3.4sqi.net/img/categories_v2/food/snacks_', 'suffix': '.png'}, 'primary': True}]",0,[],,west marredpally,,,
98,e-0-5544c61b498eb2d80a71d50e-98,0,"[{'summary': 'This spot is popular', 'type': 'general', 'reasonName': 'globalInteractionReason'}]",5544c61b498eb2d80a71d50e,Jewel of Nizam- The Minar,17.388673812598803,78.31622180503484,"[{'label': 'display', 'lat': 17.388673812598803, 'lng': 78.31622180503484}]",15386,IN,Hyderabad,Telangana,India,"['The Golkonda Resorts & Spa (SagarMahal Complex, Gandipet)', 'Hyderabad 500075', 'Telangana', 'India']","[{'id': '54135bf5e4b08f3d2429dfe6', 'name': 'Hyderabadi Restaurant', 'pluralName': 'Hyderabadi Restaurants', 'shortName': 'Hyderabadi', 'icon': {'prefix': 'https://ss3.4sqi.net/img/categories_v2/food/default_', 'suffix': '.png'}, 'primary': True}]",0,[],The Golkonda Resorts & Spa,"SagarMahal Complex, Gandipet",500075,,
99,e-0-5c0413f7724750002cd8f006-99,0,"[{'summary': 'This spot is popular', 'type': 'general', 'reasonName': 'globalInteractionReason'}]",5c0413f7724750002cd8f006,Amb Cinemas,17.45737932852447,78.36372273216537,"[{'label': 'display', 'lat': 17.45737932852447, 'lng': 78.36372273216537}]",12852,IN,Hyderabad,TG,India,"['Kondapur', 'Hyderabad 500084', 'TG', 'India']","[{'id': '4bf58dd8d48988d17f941735', 'name': 'Movie Theater', 'pluralName': 'Movie Theaters', 'shortName': 'Movie Theater', 'icon': {'prefix': 'https://ss3.4sqi.net/img/categories_v2/arts_entertainment/movietheater_', 'suffix': '.png'}, 'primary': True}]",0,[],Kondapur,,500084,,Kondapur
